customer_id,acquisition_date,acquisition_channel,platform,campaign_name,ad_set_name,ad_name,age_band,gender,hk_district,language_pref,plan_type,plan_category,monthly_arpu_hkd,contract_months,cross_sell_broadband,cross_sell_entertainment,cross_sell_device_financing,monthly_total_revenue_hkd,status,months_active,churn_date,realized_revenue_hkd,projected_ltv_24mo_hkd
CUST100001,2025-11-06,paid_social,meta,HK_5G_FamilyPlan_Q4_2025,FamilyPlan_Parents_30-45_HK,5G_Family_Video_v1_Canto,35-44,female,Wan Chai,Cantonese,5G_Single_Premium,subscription,488,24,N,Y,N,566,active,5,,2830,17659.0
CUST100002,2025-11-04,paid_social,meta,HK_5G_FamilyPlan_Q4_2025,FamilyPlan_Parents_30-45_HK,5G_Family_Video_v1_Canto,35-44,male,Wan Chai,Cantonese,5G_Family_4Line,subscription,588,24,N,N,N,588,active,5,,2940,18346.0
CUST100003,2025-11-04,paid_social,meta,HK_5G_FamilyPlan_Q4_2025,FamilyPlan_Parents_30-45_HK,5G_Family_Video_v1_Canto,45-54,female,Sham Shui Po,Cantonese,5G_Family_4Line,subscription,588,24,N,N,N,588,active,5,,2940,18346.0
CUST100004,2025-11-04,paid_social,meta,HK_5G_FamilyPlan_Q4_2025,FamilyPlan_Parents_30-45_HK,5G_Family_Video_v1_Canto,35-44,female,Tsuen Wan,Cantonese,5G_Family_4Line,subscription,588,24,N,N,N,588,active,5,,2940,18346.0
CUST100005,2025-11-06,paid_social,meta,HK_5G_FamilyPlan_Q4_2025,FamilyPlan_Parents_30-45_HK,5G_Family_Video_v1_Canto,35-44,male,Tsuen Wan,English,5G_Family_4Line,subscription,588,24,Y,N,N,786,active,5,,3930,24523.0
CUST100006,2025-11-02,paid_social,meta,HK_5G_FamilyPlan_Q4_2025,FamilyPlan_Parents_30-45_HK,5G_Family_Video_v1_Canto,35-44,male,Eastern,English,5G_Family_4Line,subscription,588,24,N,N,N,588,active,5,,2940,18346.0
CUST100007,2025-11-14,paid_social,meta,HK_5G_FamilyPlan_Q4_2025,FamilyPlan_Parents_30-45_HK,5G_Family_Static_HappyFamily,35-44,male,Eastern,Cantonese,5G_Family_4Line,subscription,588,24,Y,Y,N,864,active,5,,4320,26957.0
CUST100008,2025-11-11,paid_social,meta,HK_5G_FamilyPlan_Q4_2025,FamilyPlan_Parents_30-45_HK,5G_Family_Static_HappyFamily,35-44,female,Tuen Mun,Cantonese,5G_Family_2Line,subscription,388,24,N,N,N,388,active,5,,1940,12106.0
CUST100009,2025-11-01,paid_social,meta,HK_5G_FamilyPlan_Q4_2025,FamilyPlan_Parents_30-45_HK,5G_Family_Static_HappyFamily,35-44,male,Tai Po,Cantonese,5G_Family_4Line,subscription,588,24,N,N,Y,838,active,5,,4190,26146.0
CUST100010,2025-11-03,paid_social,meta,HK_5G_FamilyPlan_Q4_2025,FamilyPlan_Parents_30-45_HK,5G_Family_Static_HappyFamily,45-54,female,Wong Tai Sin,Cantonese,5G_Single_Premium,subscription,488,24,N,N,N,488,active,5,,2440,15226.0
CUST100011,2025-11-04,paid_social,meta,HK_5G_FamilyPlan_Q4_2025,FamilyPlan_Parents_30-45_HK,5G_Family_Video_v1_Canto,25-34,male,Tuen Mun,Cantonese,5G_Family_2Line,subscription,388,24,Y,Y,N,664,active,5,,3320,20717.0
CUST100012,2025-11-03,paid_social,meta,HK_5G_FamilyPlan_Q4_2025,FamilyPlan_Parents_30-45_HK,5G_Family_Video_v1_Canto,35-44,male,Islands,Cantonese,5G_Family_2Line,subscription,388,24,N,N,N,388,active,5,,1940,12106.0
CUST100013,2025-11-02,paid_social,meta,HK_5G_FamilyPlan_Q4_2025,FamilyPlan_Parents_30-45_HK,5G_Family_Video_v1_Canto,35-44,female,Southern,Cantonese,5G_Family_2Line,subscription,388,24,N,Y,N,466,active,5,,2330,14539.0
CUST100014,2025-11-02,paid_social,meta,HK_5G_FamilyPlan_Q4_2025,FamilyPlan_Parents_30-45_HK,5G_Family_Video_v1_Canto,35-44,female,Tuen Mun,Cantonese,5G_Single_Premium,subscription,488,24,N,Y,N,566,active,5,,2830,17659.0
CUST100015,2025-11-02,paid_social,meta,HK_5G_FamilyPlan_Q4_2025,FamilyPlan_Parents_30-45_HK,5G_Family_Static_HappyFamily,45-54,female,Kwun Tong,Cantonese,5G_Single_Premium,subscription,488,24,N,Y,N,566,active,5,,2830,17659.0
CUST100016,2025-11-09,paid_social,meta,HK_5G_FamilyPlan_Q4_2025,FamilyPlan_Parents_30-45_HK,5G_Family_Video_v1_Canto,45-54,male,Kwai Tsing,Mandarin,5G_Family_4Line,subscription,588,24,N,N,N,588,active,5,,2940,18346.0
CUST100017,2025-11-12,paid_social,meta,HK_5G_FamilyPlan_Q4_2025,FamilyPlan_Parents_30-45_HK,5G_Family_Static_HappyFamily,35-44,male,Tsuen Wan,Cantonese,5G_Single_Premium,subscription,488,24,N,N,N,488,active,5,,2440,15226.0
CUST100018,2025-11-13,paid_social,meta,HK_5G_FamilyPlan_Q4_2025,FamilyPlan_Parents_30-45_HK,5G_Family_Static_HappyFamily,45-54,male,Tuen Mun,English,5G_Single_Standard,subscription,298,24,N,N,N,298,active,5,,1490,9298.0
CUST100019,2025-11-13,paid_social,meta,HK_5G_FamilyPlan_Q4_2025,FamilyPlan_Parents_30-45_HK,5G_Family_Static_HappyFamily,35-44,male,Tuen Mun,Cantonese,5G_Family_4Line,subscription,588,24,N,N,N,588,active,5,,2940,18346.0
CUST100020,2025-11-08,paid_social,meta,HK_5G_FamilyPlan_Q4_2025,FamilyPlan_Parents_30-45_HK,5G_Family_Video_v1_Canto,25-34,male,Eastern,English,5G_Family_4Line,subscription,588,24,N,N,N,588,active,5,,2940,18346.0
CUST100021,2025-11-07,paid_social,meta,HK_5G_FamilyPlan_Q4_2025,FamilyPlan_Parents_30-45_HK,5G_Family_Video_v1_Canto,35-44,female,Yuen Long,Cantonese,5G_Family_2Line,subscription,388,24,N,N,Y,638,active,5,,3190,19906.0
CUST100022,2025-11-02,paid_social,meta,HK_5G_FamilyPlan_Q4_2025,FamilyPlan_Parents_30-45_HK,5G_Family_Video_v1_Canto,25-34,female,Sha Tin,English,5G_Family_2Line,subscription,388,24,N,N,N,388,active,5,,1940,12106.0
CUST100023,2025-11-09,paid_social,meta,HK_5G_FamilyPlan_Q4_2025,FamilyPlan_Parents_30-45_HK,5G_Family_Video_v1_Canto,25-34,male,Kowloon City,English,5G_Family_2Line,subscription,388,24,N,N,N,388,active,5,,1940,12106.0
CUST100024,2025-11-05,paid_social,meta,HK_5G_FamilyPlan_Q4_2025,FamilyPlan_Parents_30-45_HK,5G_Family_Static_HappyFamily,35-44,male,Tuen Mun,English,5G_Family_4Line,subscription,588,24,Y,N,N,786,active,5,,3930,24523.0
CUST100025,2025-11-14,paid_social,meta,HK_5G_FamilyPlan_Q4_2025,FamilyPlan_Parents_30-45_HK,5G_Family_Video_v1_Canto,35-44,male,Tai Po,English,5G_Single_Premium,subscription,488,24,N,N,Y,738,active,5,,3690,23026.0
CUST100026,2025-11-13,paid_social,meta,HK_5G_FamilyPlan_Q4_2025,FamilyPlan_Parents_30-45_HK,5G_Family_Video_v1_Canto,25-34,female,Islands,Cantonese,5G_Family_2Line,subscription,388,24,N,N,N,388,active,5,,1940,12106.0
CUST100027,2025-11-09,paid_social,meta,HK_5G_FamilyPlan_Q4_2025,FamilyPlan_Parents_30-45_HK,5G_Family_Video_v1_Canto,25-34,female,Eastern,Cantonese,5G_Family_4Line,subscription,588,24,N,N,N,588,active,5,,2940,18346.0
CUST100028,2025-11-09,paid_social,meta,HK_5G_FamilyPlan_Q4_2025,FamilyPlan_Parents_30-45_HK,5G_Family_Static_HappyFamily,25-34,female,Kwun Tong,Mandarin,5G_Family_2Line,subscription,388,24,N,Y,N,466,active,5,,2330,14539.0
CUST100029,2025-11-04,paid_social,meta,HK_5G_FamilyPlan_Q4_2025,FamilyPlan_Parents_30-45_HK,5G_Family_Static_HappyFamily,25-34,female,Kowloon City,English,5G_Single_Premium,subscription,488,24,N,N,N,488,active,5,,2440,15226.0
CUST100030,2025-11-13,paid_social,meta,HK_5G_FamilyPlan_Q4_2025,FamilyPlan_Parents_30-45_HK,5G_Family_Video_v1_Canto,35-44,male,Southern,Cantonese,5G_Family_4Line,subscription,588,24,Y,Y,N,864,active,5,,4320,26957.0
CUST100031,2025-11-11,paid_social,meta,HK_5G_FamilyPlan_Q4_2025,FamilyPlan_Parents_30-45_HK,5G_Family_Static_HappyFamily,25-34,female,Tuen Mun,Cantonese,5G_Single_Premium,subscription,488,24,N,N,N,488,active,5,,2440,15226.0
CUST100032,2025-11-08,paid_social,meta,HK_5G_FamilyPlan_Q4_2025,FamilyPlan_Parents_30-45_HK,5G_Family_Static_HappyFamily,35-44,female,Wong Tai Sin,Mandarin,5G_Family_2Line,subscription,388,24,N,Y,N,466,active,5,,2330,14539.0
CUST100033,2025-11-05,paid_social,meta,HK_5G_FamilyPlan_Q4_2025,FamilyPlan_Parents_30-45_HK,5G_Family_Video_v1_Canto,45-54,female,Kwun Tong,Cantonese,5G_Family_4Line,subscription,588,24,N,N,N,588,active,5,,2940,18346.0
CUST100034,2025-11-09,paid_social,meta,HK_5G_FamilyPlan_Q4_2025,FamilyPlan_Parents_30-45_HK,5G_Family_Video_v1_Canto,35-44,female,Kwun Tong,Mandarin,5G_Family_2Line,subscription,388,24,N,Y,N,466,active,5,,2330,14539.0
CUST100035,2025-11-13,paid_social,meta,HK_5G_FamilyPlan_Q4_2025,FamilyPlan_Parents_30-45_HK,5G_Family_Static_HappyFamily,35-44,female,Islands,Cantonese,5G_Family_4Line,subscription,588,24,N,N,N,588,active,5,,2940,18346.0
CUST100036,2025-11-10,paid_social,meta,HK_5G_FamilyPlan_Q4_2025,FamilyPlan_Parents_30-45_HK,5G_Family_Video_v1_Canto,35-44,female,Kwai Tsing,Cantonese,5G_Family_4Line,subscription,588,24,N,N,N,588,active,5,,2940,18346.0
CUST100037,2025-11-04,paid_social,meta,HK_5G_FamilyPlan_Q4_2025,FamilyPlan_Parents_30-45_HK,5G_Family_Static_HappyFamily,35-44,female,Central & Western,English,5G_Family_4Line,subscription,588,24,N,N,Y,838,active,5,,4190,26146.0
CUST100038,2025-11-04,paid_social,meta,HK_5G_FamilyPlan_Q4_2025,FamilyPlan_Parents_30-45_HK,5G_Family_Static_HappyFamily,25-34,female,Sai Kung,Cantonese,5G_Family_2Line,subscription,388,24,N,N,N,388,active,5,,1940,12106.0
CUST100039,2025-11-04,paid_social,meta,HK_5G_FamilyPlan_Q4_2025,FamilyPlan_Parents_30-45_HK,5G_Family_Video_v1_Canto,45-54,male,Yau Tsim Mong,Cantonese,5G_Family_4Line,subscription,588,24,N,N,Y,838,active,5,,4190,26146.0
CUST100040,2025-11-05,paid_social,meta,HK_5G_FamilyPlan_Q4_2025,FamilyPlan_Parents_30-45_HK,5G_Family_Static_HappyFamily,25-34,male,Wong Tai Sin,English,5G_Family_4Line,subscription,588,24,N,N,N,588,churned,2,2026-01-04,1176,1176
CUST100041,2025-11-03,paid_social,meta,HK_5G_FamilyPlan_Q4_2025,FamilyPlan_Parents_30-45_HK,5G_Family_Static_HappyFamily,25-34,female,Kwai Tsing,Cantonese,5G_Family_4Line,subscription,588,24,N,N,N,588,active,5,,2940,18346.0
CUST100042,2025-11-06,paid_social,meta,HK_5G_FamilyPlan_Q4_2025,FamilyPlan_Parents_30-45_HK,5G_Family_Video_v1_Canto,35-44,female,Eastern,Cantonese,5G_Family_4Line,subscription,588,24,Y,N,Y,1036,active,5,,5180,32323.0
CUST100043,2025-11-07,paid_social,meta,HK_5G_FamilyPlan_Q4_2025,FamilyPlan_Parents_30-45_HK,5G_Family_Video_v1_Canto,35-44,female,Yuen Long,English,5G_Family_4Line,subscription,588,24,N,N,N,588,active,5,,2940,18346.0
CUST100044,2025-11-08,paid_social,meta,HK_5G_FamilyPlan_Q4_2025,FamilyPlan_Parents_30-45_HK,5G_Family_Video_v1_Canto,35-44,male,North,English,5G_Family_4Line,subscription,588,24,N,N,N,588,active,5,,2940,18346.0
CUST100045,2025-11-03,paid_social,meta,HK_5G_FamilyPlan_Q4_2025,FamilyPlan_Parents_30-45_HK,5G_Family_Video_v1_Canto,35-44,male,Wong Tai Sin,Cantonese,5G_Single_Premium,subscription,488,24,N,N,N,488,churned,3,2026-02-01,1464,1464
CUST100046,2025-11-02,paid_social,meta,HK_5G_FamilyPlan_Q4_2025,FamilyPlan_Parents_30-45_HK,5G_Family_Video_v1_Canto,35-44,female,Central & Western,Cantonese,5G_Family_4Line,subscription,588,24,N,N,N,588,churned,1,2025-12-02,588,588
CUST100047,2025-11-11,paid_social,meta,HK_5G_FamilyPlan_Q4_2025,FamilyPlan_Parents_30-45_HK,5G_Family_Video_v1_Canto,35-44,female,Wong Tai Sin,English,5G_Family_2Line,subscription,388,24,N,Y,N,466,active,5,,2330,14539.0
CUST100048,2025-11-08,paid_social,meta,HK_5G_FamilyPlan_Q4_2025,FamilyPlan_Lookalike_5G_Customers,5G_Family_Static_HappyFamily,25-34,male,Eastern,Cantonese,5G_Single_Standard,subscription,298,24,N,N,N,298,active,5,,1490,9298.0
CUST100049,2025-11-11,paid_social,meta,HK_5G_FamilyPlan_Q4_2025,FamilyPlan_Lookalike_5G_Customers,5G_Family_Video_v1_Canto,25-34,male,Southern,English,5G_Single_Premium,subscription,488,24,N,N,N,488,active,5,,2440,15226.0
CUST100050,2025-11-05,paid_social,meta,HK_5G_FamilyPlan_Q4_2025,FamilyPlan_Lookalike_5G_Customers,5G_Family_Video_v1_Canto,25-34,male,Eastern,Mandarin,5G_Single_Premium,subscription,488,24,N,N,N,488,churned,4,2026-03-05,1952,1952
CUST100051,2025-11-02,paid_social,meta,HK_5G_FamilyPlan_Q4_2025,FamilyPlan_Lookalike_5G_Customers,5G_Family_Static_HappyFamily,45-54,female,Eastern,Cantonese,5G_Single_Standard,subscription,298,24,N,N,N,298,active,5,,1490,9298.0
CUST100052,2025-11-09,paid_social,meta,HK_5G_FamilyPlan_Q4_2025,FamilyPlan_Lookalike_5G_Customers,5G_Family_Static_HappyFamily,25-34,male,Sha Tin,Cantonese,5G_Family_2Line,subscription,388,24,N,N,N,388,active,5,,1940,12106.0
CUST100053,2025-11-08,paid_social,meta,HK_5G_FamilyPlan_Q4_2025,FamilyPlan_Lookalike_5G_Customers,5G_Family_Static_HappyFamily,35-44,male,Central & Western,Cantonese,5G_Single_Premium,subscription,488,24,N,N,N,488,active,5,,2440,15226.0
CUST100054,2025-11-07,paid_social,meta,HK_5G_FamilyPlan_Q4_2025,FamilyPlan_Lookalike_5G_Customers,5G_Family_Static_HappyFamily,45-54,male,Eastern,Cantonese,5G_Family_4Line,subscription,588,24,Y,Y,N,864,active,5,,4320,26957.0
CUST100055,2025-11-05,paid_social,meta,HK_5G_FamilyPlan_Q4_2025,FamilyPlan_Lookalike_5G_Customers,5G_Family_Static_HappyFamily,25-34,female,North,Cantonese,5G_Single_Standard,subscription,298,24,N,N,N,298,active,5,,1490,9298.0
CUST100056,2025-11-06,paid_social,meta,HK_5G_FamilyPlan_Q4_2025,FamilyPlan_Lookalike_5G_Customers,5G_Family_Static_HappyFamily,35-44,female,Eastern,Cantonese,5G_Single_Premium,subscription,488,24,N,N,N,488,active,5,,2440,15226.0
CUST100057,2025-11-08,paid_social,meta,HK_5G_FamilyPlan_Q4_2025,FamilyPlan_Lookalike_5G_Customers,5G_Family_Static_HappyFamily,25-34,male,Sha Tin,Cantonese,5G_Single_Premium,subscription,488,24,Y,N,N,686,active,5,,3430,21403.0
CUST100058,2025-11-05,paid_social,meta,HK_5G_FamilyPlan_Q4_2025,FamilyPlan_Lookalike_5G_Customers,5G_Family_Video_v1_Canto,45-54,female,Sham Shui Po,Cantonese,5G_Single_Premium,subscription,488,24,N,N,N,488,churned,4,2026-03-05,1952,1952
CUST100059,2025-11-09,paid_social,meta,HK_5G_FamilyPlan_Q4_2025,FamilyPlan_Lookalike_5G_Customers,5G_Family_Static_HappyFamily,45-54,male,Sham Shui Po,Cantonese,5G_Family_2Line,subscription,388,24,N,N,N,388,churned,2,2026-01-08,776,776
CUST100060,2025-11-06,paid_social,meta,HK_5G_FamilyPlan_Q4_2025,FamilyPlan_Lookalike_5G_Customers,5G_Family_Static_HappyFamily,35-44,male,Kwun Tong,Cantonese,5G_Family_2Line,subscription,388,24,N,N,N,388,churned,3,2026-02-04,1164,1164
CUST100061,2025-11-10,paid_social,meta,HK_5G_FamilyPlan_Q4_2025,FamilyPlan_Lookalike_5G_Customers,5G_Family_Video_v1_Canto,25-34,male,Tai Po,Cantonese,5G_Single_Standard,subscription,298,24,Y,N,N,496,active,5,,2480,15475.0
CUST100062,2025-11-14,paid_social,meta,HK_5G_FamilyPlan_Q4_2025,FamilyPlan_Lookalike_5G_Customers,5G_Family_Static_HappyFamily,25-34,female,Sai Kung,English,5G_Single_Standard,subscription,298,24,N,N,N,298,active,5,,1490,9298.0
CUST100063,2025-11-04,paid_social,meta,HK_5G_FamilyPlan_Q4_2025,FamilyPlan_Lookalike_5G_Customers,5G_Family_Video_v1_Canto,25-34,female,Tai Po,Cantonese,5G_Single_Premium,subscription,488,24,N,N,N,488,active,5,,2440,15226.0
CUST100064,2025-11-01,paid_social,meta,HK_5G_FamilyPlan_Q4_2025,FamilyPlan_Lookalike_5G_Customers,5G_Family_Static_HappyFamily,25-34,male,North,English,5G_Single_Premium,subscription,488,24,N,N,N,488,churned,1,2025-12-01,488,488
CUST100065,2025-11-05,paid_social,meta,HK_5G_FamilyPlan_Q4_2025,FamilyPlan_Lookalike_5G_Customers,5G_Family_Video_v1_Canto,35-44,female,Tai Po,Cantonese,5G_Single_Premium,subscription,488,24,N,Y,N,566,active,5,,2830,17659.0
CUST100066,2025-11-14,paid_social,meta,HK_5G_FamilyPlan_Q4_2025,FamilyPlan_Lookalike_5G_Customers,5G_Family_Video_v1_Canto,35-44,female,Wan Chai,Cantonese,5G_Single_Standard,subscription,298,24,Y,N,N,496,active,5,,2480,15475.0
CUST100067,2025-11-11,paid_social,meta,HK_5G_FamilyPlan_Q4_2025,FamilyPlan_Lookalike_5G_Customers,5G_Family_Static_HappyFamily,25-34,female,Tsuen Wan,English,5G_Single_Premium,subscription,488,24,N,N,Y,738,active,5,,3690,23026.0
CUST100068,2025-11-07,paid_social,meta,HK_5G_FamilyPlan_Q4_2025,FamilyPlan_Lookalike_5G_Customers,5G_Family_Video_v1_Canto,35-44,male,Kowloon City,Cantonese,5G_Family_4Line,subscription,588,24,Y,N,N,786,active,5,,3930,24523.0
CUST100069,2025-11-13,paid_social,meta,HK_5G_FamilyPlan_Q4_2025,FamilyPlan_Lookalike_5G_Customers,5G_Family_Video_v1_Canto,25-34,male,Wan Chai,Mandarin,5G_Single_Standard,subscription,298,24,N,N,N,298,active,5,,1490,9298.0
CUST100070,2025-11-07,paid_social,meta,HK_5G_FamilyPlan_Q4_2025,FamilyPlan_Lookalike_5G_Customers,5G_Family_Static_HappyFamily,25-34,male,Tsuen Wan,English,5G_Family_4Line,subscription,588,24,Y,Y,N,864,active,5,,4320,26957.0
CUST100071,2025-11-03,paid_social,meta,HK_5G_FamilyPlan_Q4_2025,FamilyPlan_Lookalike_5G_Customers,5G_Family_Static_HappyFamily,25-34,male,Tuen Mun,Mandarin,5G_Family_2Line,subscription,388,24,Y,N,N,586,active,5,,2930,18283.0
CUST100072,2025-11-02,paid_social,meta,HK_5G_FamilyPlan_Q4_2025,FamilyPlan_Lookalike_5G_Customers,5G_Family_Video_v1_Canto,25-34,female,Kwai Tsing,English,5G_Family_4Line,subscription,588,24,N,N,N,588,active,5,,2940,18346.0
CUST100073,2025-11-01,paid_social,meta,HK_5G_FamilyPlan_Q4_2025,FamilyPlan_Lookalike_5G_Customers,5G_Family_Static_HappyFamily,25-34,male,Central & Western,Cantonese,5G_Single_Premium,subscription,488,24,Y,N,N,686,active,5,,3430,21403.0
CUST100074,2025-11-11,paid_social,meta,HK_5G_FamilyPlan_Q4_2025,FamilyPlan_Lookalike_5G_Customers,5G_Family_Video_v1_Canto,25-34,female,Eastern,English,5G_Single_Premium,subscription,488,24,N,Y,N,566,active,5,,2830,17659.0
CUST100075,2025-11-05,paid_social,meta,HK_5G_FamilyPlan_Q4_2025,FamilyPlan_Lookalike_5G_Customers,5G_Family_Static_HappyFamily,45-54,female,Eastern,Cantonese,5G_Family_2Line,subscription,388,24,N,N,N,388,active,5,,1940,12106.0
CUST100076,2025-11-08,paid_social,meta,HK_5G_FamilyPlan_Q4_2025,FamilyPlan_Lookalike_5G_Customers,5G_Family_Static_HappyFamily,35-44,male,Sha Tin,Cantonese,5G_Single_Premium,subscription,488,24,N,N,N,488,active,5,,2440,15226.0
CUST100077,2025-11-12,paid_social,meta,HK_5G_FamilyPlan_Q4_2025,FamilyPlan_Lookalike_5G_Customers,5G_Family_Video_v1_Canto,35-44,female,Eastern,Cantonese,5G_Family_2Line,subscription,388,24,Y,N,N,586,active,5,,2930,18283.0
CUST100078,2025-11-03,paid_social,meta,HK_5G_FamilyPlan_Q4_2025,FamilyPlan_Lookalike_5G_Customers,5G_Family_Static_HappyFamily,25-34,female,Eastern,Cantonese,5G_Family_2Line,subscription,388,24,Y,N,N,586,churned,1,2025-12-03,586,586
CUST100079,2025-11-07,paid_social,meta,HK_5G_FamilyPlan_Q4_2025,FamilyPlan_Lookalike_5G_Customers,5G_Family_Video_v1_Canto,35-44,female,Wong Tai Sin,English,5G_Family_2Line,subscription,388,24,Y,N,N,586,active,5,,2930,18283.0
CUST100080,2025-11-11,paid_social,meta,HK_5G_FamilyPlan_Q4_2025,FamilyPlan_Lookalike_5G_Customers,5G_Family_Static_HappyFamily,35-44,female,Kowloon City,Cantonese,5G_Single_Premium,subscription,488,24,N,N,N,488,active,5,,2440,15226.0
CUST100081,2025-11-04,paid_social,meta,HK_5G_FamilyPlan_Q4_2025,FamilyPlan_Lookalike_5G_Customers,5G_Family_Static_HappyFamily,45-54,male,Sai Kung,Cantonese,5G_Family_4Line,subscription,588,24,Y,N,N,786,active,5,,3930,24523.0
CUST100082,2025-11-11,paid_social,meta,HK_5G_FamilyPlan_Q4_2025,FamilyPlan_Lookalike_5G_Customers,5G_Family_Video_v1_Canto,25-34,female,Kwai Tsing,Cantonese,5G_Family_2Line,subscription,388,24,N,N,Y,638,churned,2,2026-01-10,1276,1276
CUST100083,2025-11-02,paid_social,meta,HK_5G_FamilyPlan_Q4_2025,FamilyPlan_Lookalike_5G_Customers,5G_Family_Static_HappyFamily,45-54,female,Tuen Mun,Cantonese,5G_Family_2Line,subscription,388,24,N,N,Y,638,active,5,,3190,19906.0
CUST100084,2025-11-03,paid_social,meta,HK_5G_FamilyPlan_Q4_2025,FamilyPlan_Lookalike_5G_Customers,5G_Family_Video_v1_Canto,45-54,female,Tuen Mun,Cantonese,5G_Family_4Line,subscription,588,24,N,N,N,588,active,5,,2940,18346.0
CUST100085,2025-11-04,paid_social,meta,HK_5G_FamilyPlan_Q4_2025,FamilyPlan_Broad_HK_25-55,5G_Family_Static_HappyFamily,25-34,male,Islands,Cantonese,5G_Family_4Line,subscription,588,24,Y,N,N,786,churned,3,2026-02-02,2358,2358
CUST100086,2025-11-07,paid_social,meta,HK_5G_FamilyPlan_Q4_2025,FamilyPlan_Broad_HK_25-55,5G_Family_Video_v1_Canto,25-34,male,North,Cantonese,5G_Single_Basic,subscription,198,12,N,N,N,198,active,5,,990,3802.0
CUST100087,2025-11-13,paid_social,meta,HK_5G_FamilyPlan_Q4_2025,FamilyPlan_Broad_HK_25-55,5G_Family_Video_v1_Canto,18-24,male,Southern,English,5G_Single_Standard,subscription,298,24,N,N,N,298,active,5,,1490,9298.0
CUST100088,2025-11-06,paid_social,meta,HK_5G_FamilyPlan_Q4_2025,FamilyPlan_Broad_HK_25-55,5G_Family_Video_v1_Canto,18-24,female,Tuen Mun,English,5G_Single_Basic,subscription,198,12,N,N,N,198,churned,3,2026-02-04,594,594
CUST100089,2025-11-05,paid_social,meta,HK_5G_FamilyPlan_Q4_2025,FamilyPlan_Broad_HK_25-55,5G_Family_Static_HappyFamily,18-24,female,Kowloon City,Cantonese,5G_Single_Premium,subscription,488,24,N,N,N,488,active,5,,2440,15226.0
CUST100090,2025-11-01,paid_social,meta,HK_5G_FamilyPlan_Q4_2025,FamilyPlan_Broad_HK_25-55,5G_Family_Static_HappyFamily,25-34,female,Sham Shui Po,Cantonese,5G_Single_Basic,subscription,198,12,N,N,N,198,active,5,,990,3802.0
CUST100091,2025-11-10,paid_social,meta,HK_5G_FamilyPlan_Q4_2025,FamilyPlan_Broad_HK_25-55,5G_Family_Video_v1_Canto,35-44,male,Sham Shui Po,Cantonese,5G_Single_Standard,subscription,298,24,N,Y,N,376,churned,2,2026-01-09,752,752
CUST100092,2025-11-12,paid_social,meta,HK_5G_FamilyPlan_Q4_2025,FamilyPlan_Broad_HK_25-55,5G_Family_Video_v1_Canto,18-24,male,Tai Po,Cantonese,5G_Single_Basic,subscription,198,12,N,N,N,198,active,5,,990,3802.0
CUST100093,2025-11-05,paid_social,meta,HK_5G_FamilyPlan_Q4_2025,FamilyPlan_Broad_HK_25-55,5G_Family_Static_HappyFamily,18-24,female,Central & Western,Cantonese,5G_Single_Basic,subscription,198,12,N,N,N,198,active,5,,990,3802.0
CUST100094,2025-11-08,paid_social,meta,HK_5G_FamilyPlan_Q4_2025,FamilyPlan_Broad_HK_25-55,5G_Family_Static_HappyFamily,35-44,male,Eastern,Cantonese,5G_Single_Premium,subscription,488,24,N,N,N,488,active,5,,2440,15226.0
CUST100095,2025-11-02,paid_social,meta,HK_5G_FamilyPlan_Q4_2025,FamilyPlan_Broad_HK_25-55,5G_Family_Video_v1_Canto,25-34,male,Sai Kung,Cantonese,5G_Single_Basic,subscription,198,12,N,N,N,198,active,5,,990,3802.0
CUST100096,2025-11-07,paid_social,meta,HK_5G_FamilyPlan_Q4_2025,FamilyPlan_Broad_HK_25-55,5G_Family_Video_v1_Canto,35-44,female,Kowloon City,Cantonese,5G_Single_Basic,subscription,198,12,N,N,N,198,active,5,,990,3802.0
CUST100097,2025-11-05,paid_social,meta,HK_5G_FamilyPlan_Q4_2025,FamilyPlan_Broad_HK_25-55,5G_Family_Video_v1_Canto,35-44,female,Sham Shui Po,Cantonese,5G_Single_Basic,subscription,198,12,N,N,N,198,active,5,,990,3802.0
CUST100098,2025-11-14,paid_social,meta,HK_5G_FamilyPlan_Q4_2025,FamilyPlan_Broad_HK_25-55,5G_Family_Static_HappyFamily,18-24,male,Tsuen Wan,Cantonese,5G_Single_Basic,subscription,198,12,N,N,N,198,churned,4,2026-03-14,792,792
CUST100099,2025-11-03,paid_social,meta,HK_5G_FamilyPlan_Q4_2025,FamilyPlan_Broad_HK_25-55,5G_Family_Static_HappyFamily,18-24,male,Sai Kung,Cantonese,5G_Single_Basic,subscription,198,12,N,N,N,198,active,5,,990,3802.0
CUST100100,2025-11-14,paid_social,meta,HK_5G_FamilyPlan_Q4_2025,FamilyPlan_Broad_HK_25-55,5G_Family_Video_v1_Canto,25-34,male,Tuen Mun,Cantonese,5G_Single_Basic,subscription,198,12,N,N,N,198,active,5,,990,3802.0
CUST100101,2025-11-10,paid_social,meta,HK_5G_FamilyPlan_Q4_2025,FamilyPlan_Broad_HK_25-55,5G_Family_Video_v1_Canto,18-24,female,Sai Kung,Cantonese,5G_Family_2Line,subscription,388,24,Y,N,Y,836,active,5,,4180,26083.0
CUST100102,2025-11-14,paid_social,meta,HK_5G_FamilyPlan_Q4_2025,FamilyPlan_Broad_HK_25-55,5G_Family_Video_v1_Canto,25-34,male,North,Cantonese,5G_Single_Basic,subscription,198,12,N,N,N,198,active,5,,990,3802.0
CUST100103,2025-11-01,paid_social,meta,HK_5G_FamilyPlan_Q4_2025,FamilyPlan_Broad_HK_25-55,5G_Family_Video_v1_Canto,18-24,male,Sai Kung,Cantonese,5G_Family_2Line,subscription,388,24,Y,N,N,586,churned,3,2026-01-30,1758,1758
CUST100104,2025-11-10,paid_social,meta,HK_5G_FamilyPlan_Q4_2025,FamilyPlan_Broad_HK_25-55,5G_Family_Video_v1_Canto,18-24,male,Yau Tsim Mong,Cantonese,5G_Family_2Line,subscription,388,24,Y,N,N,586,churned,2,2026-01-09,1172,1172
CUST100105,2025-11-14,paid_social,meta,HK_5G_FamilyPlan_Q4_2025,FamilyPlan_Broad_HK_25-55,5G_Family_Video_v1_Canto,18-24,male,Tai Po,Cantonese,5G_Single_Basic,subscription,198,12,N,N,N,198,active,5,,990,3802.0
CUST100106,2025-11-08,paid_social,meta,HK_5G_FamilyPlan_Q4_2025,FamilyPlan_Broad_HK_25-55,5G_Family_Video_v1_Canto,35-44,female,Southern,Cantonese,5G_Single_Premium,subscription,488,24,N,N,Y,738,active,5,,3690,23026.0
CUST100107,2025-11-04,paid_social,meta,HK_5G_FamilyPlan_Q4_2025,FamilyPlan_Broad_HK_25-55,5G_Family_Static_HappyFamily,18-24,male,Kwai Tsing,Cantonese,5G_Family_2Line,subscription,388,24,N,Y,N,466,active,5,,2330,14539.0
CUST100108,2025-11-12,paid_social,meta,HK_5G_FamilyPlan_Q4_2025,FamilyPlan_Broad_HK_25-55,5G_Family_Static_HappyFamily,25-34,female,Tai Po,Cantonese,5G_Single_Basic,subscription,198,12,N,N,N,198,active,5,,990,3802.0
CUST100109,2025-11-05,paid_social,meta,HK_5G_FamilyPlan_Q4_2025,FamilyPlan_Broad_HK_25-55,5G_Family_Static_HappyFamily,18-24,male,North,English,5G_Single_Premium,subscription,488,24,N,N,N,488,active,5,,2440,15226.0
CUST100110,2025-11-05,paid_social,meta,HK_5G_FamilyPlan_Q4_2025,FamilyPlan_Broad_HK_25-55,5G_Family_Video_v1_Canto,35-44,male,Wong Tai Sin,English,5G_Single_Standard,subscription,298,24,N,Y,N,376,churned,2,2026-01-04,752,752
CUST100111,2025-11-12,paid_social,meta,HK_5G_FamilyPlan_Q4_2025,FamilyPlan_Broad_HK_25-55,5G_Family_Video_v1_Canto,18-24,male,Islands,Cantonese,5G_Single_Basic,subscription,198,12,N,N,N,198,active,5,,990,3802.0
CUST100112,2025-11-12,paid_social,meta,HK_5G_FamilyPlan_Q4_2025,FamilyPlan_Broad_HK_25-55,5G_Family_Video_v1_Canto,18-24,male,Eastern,Cantonese,5G_Family_4Line,subscription,588,24,N,N,N,588,churned,1,2025-12-12,588,588
CUST100113,2025-11-01,paid_social,meta,HK_5G_FamilyPlan_Q4_2025,FamilyPlan_Broad_HK_25-55,5G_Family_Video_v1_Canto,25-34,female,Wan Chai,English,5G_Family_2Line,subscription,388,24,N,Y,N,466,active,5,,2330,14539.0
CUST100114,2025-11-02,paid_social,meta,HK_5G_FamilyPlan_Q4_2025,FamilyPlan_Broad_HK_25-55,5G_Family_Video_v1_Canto,35-44,female,Yuen Long,Cantonese,5G_Single_Basic,subscription,198,12,N,N,N,198,churned,1,2025-12-02,198,198
CUST100115,2025-11-01,paid_social,meta,HK_5G_FamilyPlan_Q4_2025,FamilyPlan_Broad_HK_25-55,5G_Family_Video_v1_Canto,35-44,male,Southern,Cantonese,5G_Family_4Line,subscription,588,24,N,N,N,588,active,5,,2940,18346.0
CUST100116,2025-11-11,paid_social,meta,HK_5G_FamilyPlan_Q4_2025,FamilyPlan_Broad_HK_25-55,5G_Family_Video_v1_Canto,18-24,male,Tuen Mun,Mandarin,5G_Single_Premium,subscription,488,24,N,N,Y,738,active,5,,3690,23026.0
CUST100117,2025-11-10,paid_social,meta,HK_5G_FamilyPlan_Q4_2025,FamilyPlan_Broad_HK_25-55,5G_Family_Video_v1_Canto,35-44,male,Southern,Cantonese,5G_Single_Basic,subscription,198,12,N,Y,N,276,active,5,,1380,5299.0
CUST100118,2025-11-09,paid_social,meta,HK_5G_FamilyPlan_Q4_2025,FamilyPlan_Broad_HK_25-55,5G_Family_Static_HappyFamily,25-34,male,Wan Chai,Cantonese,5G_Single_Basic,subscription,198,12,N,Y,N,276,active,5,,1380,5299.0
CUST100119,2025-11-08,paid_social,meta,HK_5G_FamilyPlan_Q4_2025,FamilyPlan_Broad_HK_25-55,5G_Family_Static_HappyFamily,35-44,male,Sham Shui Po,Cantonese,5G_Single_Basic,subscription,198,12,N,N,N,198,churned,2,2026-01-07,396,396
CUST100120,2025-11-08,paid_social,meta,HK_5G_FamilyPlan_Q4_2025,FamilyPlan_Broad_HK_25-55,5G_Family_Static_HappyFamily,45-54,male,Tsuen Wan,Cantonese,5G_Single_Premium,subscription,488,24,N,N,N,488,active,5,,2440,15226.0
CUST100121,2025-11-07,paid_social,meta,HK_5G_FamilyPlan_Q4_2025,FamilyPlan_Broad_HK_25-55,5G_Family_Video_v1_Canto,25-34,male,Islands,Cantonese,5G_Single_Basic,subscription,198,12,N,N,N,198,active,5,,990,3802.0
CUST100122,2025-11-11,paid_social,meta,HK_5G_FamilyPlan_Q4_2025,FamilyPlan_Broad_HK_25-55,5G_Family_Video_v1_Canto,25-34,male,Tai Po,English,5G_Single_Premium,subscription,488,24,N,N,N,488,active,5,,2440,15226.0
CUST100123,2025-11-03,paid_social,meta,HK_5G_FamilyPlan_Q4_2025,FamilyPlan_Broad_HK_25-55,5G_Family_Video_v1_Canto,25-34,female,Wong Tai Sin,Cantonese,5G_Single_Basic,subscription,198,12,N,N,N,198,churned,2,2026-01-02,396,396
CUST100124,2025-11-12,paid_social,meta,HK_5G_FamilyPlan_Q4_2025,FamilyPlan_Broad_HK_25-55,5G_Family_Static_HappyFamily,18-24,male,Southern,Cantonese,5G_Single_Premium,subscription,488,24,Y,N,N,686,active,5,,3430,21403.0
CUST100125,2025-11-04,paid_social,meta,HK_5G_FamilyPlan_Q4_2025,FamilyPlan_Broad_HK_25-55,5G_Family_Static_HappyFamily,45-54,male,Southern,Cantonese,5G_Single_Standard,subscription,298,24,N,N,N,298,active,5,,1490,9298.0
CUST100126,2025-11-08,paid_social,meta,HK_5G_FamilyPlan_Q4_2025,FamilyPlan_Broad_HK_25-55,5G_Family_Video_v1_Canto,18-24,male,Yau Tsim Mong,Cantonese,5G_Family_4Line,subscription,588,24,N,N,N,588,active,5,,2940,18346.0
CUST100127,2025-11-01,paid_social,meta,HK_5G_FamilyPlan_Q4_2025,FamilyPlan_Broad_HK_25-55,5G_Family_Static_HappyFamily,35-44,male,Wong Tai Sin,English,5G_Single_Basic,subscription,198,12,N,N,N,198,active,5,,990,3802.0
CUST100128,2025-11-08,paid_social,meta,HK_5G_FamilyPlan_Q4_2025,FamilyPlan_Broad_HK_25-55,5G_Family_Static_HappyFamily,18-24,male,Sham Shui Po,Cantonese,5G_Single_Standard,subscription,298,24,N,N,N,298,active,5,,1490,9298.0
CUST100129,2025-11-08,paid_social,meta,HK_5G_FamilyPlan_Q4_2025,FamilyPlan_Broad_HK_25-55,5G_Family_Video_v1_Canto,35-44,male,Sha Tin,Mandarin,5G_Family_4Line,subscription,588,24,N,N,Y,838,churned,3,2026-02-06,2514,2514
CUST100130,2025-11-09,paid_social,meta,HK_5G_FamilyPlan_Q4_2025,FamilyPlan_Broad_HK_25-55,5G_Family_Video_v1_Canto,25-34,male,Islands,Cantonese,5G_Single_Premium,subscription,488,24,N,Y,N,566,active,5,,2830,17659.0
CUST100131,2025-11-01,paid_social,meta,HK_5G_FamilyPlan_Q4_2025,FamilyPlan_Broad_HK_25-55,5G_Family_Static_HappyFamily,35-44,male,Sham Shui Po,Cantonese,5G_Single_Basic,subscription,198,12,N,N,N,198,active,5,,990,3802.0
CUST100132,2025-11-02,paid_social,meta,HK_5G_FamilyPlan_Q4_2025,FamilyPlan_Broad_HK_25-55,5G_Family_Static_HappyFamily,25-34,male,North,Mandarin,5G_Single_Basic,subscription,198,12,N,N,Y,448,active,5,,2240,8602.0
CUST100133,2025-11-11,paid_social,meta,HK_5G_FamilyPlan_Q4_2025,FamilyPlan_Broad_HK_25-55,5G_Family_Static_HappyFamily,18-24,female,Yuen Long,Cantonese,5G_Single_Standard,subscription,298,24,N,N,N,298,churned,1,2025-12-11,298,298
CUST100134,2025-11-13,paid_social,meta,HK_5G_FamilyPlan_Q4_2025,FamilyPlan_Broad_HK_25-55,5G_Family_Video_v1_Canto,18-24,male,North,Cantonese,5G_Single_Basic,subscription,198,12,N,N,N,198,active,5,,990,3802.0
CUST100135,2025-11-09,paid_social,meta,HK_5G_FamilyPlan_Q4_2025,FamilyPlan_Broad_HK_25-55,5G_Family_Video_v1_Canto,35-44,male,North,English,5G_Single_Basic,subscription,198,12,N,N,N,198,active,5,,990,3802.0
CUST100136,2025-11-13,paid_social,meta,HK_5G_FamilyPlan_Q4_2025,FamilyPlan_Broad_HK_25-55,5G_Family_Static_HappyFamily,18-24,female,Eastern,English,5G_Single_Basic,subscription,198,12,N,N,N,198,active,5,,990,3802.0
CUST100137,2025-11-05,paid_social,meta,HK_5G_FamilyPlan_Q4_2025,FamilyPlan_Broad_HK_25-55,5G_Family_Static_HappyFamily,18-24,male,Central & Western,English,5G_Single_Basic,subscription,198,12,N,N,N,198,churned,1,2025-12-05,198,198
CUST100138,2025-11-11,paid_social,meta,HK_5G_FamilyPlan_Q4_2025,FamilyPlan_Broad_HK_25-55,5G_Family_Video_v1_Canto,25-34,male,Kowloon City,Mandarin,5G_Single_Standard,subscription,298,24,N,N,N,298,active,5,,1490,9298.0
CUST100139,2025-11-03,paid_social,meta,HK_5G_FamilyPlan_Q4_2025,FamilyPlan_Broad_HK_25-55,5G_Family_Video_v1_Canto,25-34,male,Kwai Tsing,Cantonese,5G_Single_Basic,subscription,198,12,N,N,N,198,active,5,,990,3802.0
CUST100140,2025-11-09,paid_social,meta,HK_5G_FamilyPlan_Q4_2025,FamilyPlan_Broad_HK_25-55,5G_Family_Video_v1_Canto,35-44,male,Yau Tsim Mong,Cantonese,5G_Family_2Line,subscription,388,24,N,N,N,388,active,5,,1940,12106.0
CUST100141,2025-11-08,paid_social,meta,HK_5G_FamilyPlan_Q4_2025,FamilyPlan_Broad_HK_25-55,5G_Family_Static_HappyFamily,18-24,male,Sham Shui Po,English,5G_Single_Basic,subscription,198,12,N,N,N,198,active,5,,990,3802.0
CUST100142,2025-11-10,paid_social,meta,HK_5G_FamilyPlan_Q4_2025,FamilyPlan_Broad_HK_25-55,5G_Family_Static_HappyFamily,18-24,male,Tuen Mun,Cantonese,5G_Single_Basic,subscription,198,12,N,N,N,198,churned,1,2025-12-10,198,198
CUST100143,2025-11-11,paid_social,meta,HK_5G_FamilyPlan_Q4_2025,FamilyPlan_Broad_HK_25-55,5G_Family_Video_v1_Canto,45-54,male,Wan Chai,Cantonese,5G_Single_Basic,subscription,198,12,N,N,N,198,active,5,,990,3802.0
CUST100144,2025-11-03,paid_social,meta,HK_5G_FamilyPlan_Q4_2025,FamilyPlan_Broad_HK_25-55,5G_Family_Static_HappyFamily,35-44,male,Kwai Tsing,Cantonese,5G_Single_Standard,subscription,298,24,N,N,N,298,active,5,,1490,9298.0
CUST100145,2025-11-09,paid_social,meta,HK_5G_FamilyPlan_Q4_2025,FamilyPlan_Broad_HK_25-55,5G_Family_Static_HappyFamily,18-24,male,Sai Kung,Cantonese,5G_Family_2Line,subscription,388,24,N,N,N,388,churned,4,2026-03-09,1552,1552
CUST100146,2025-11-13,paid_social,meta,HK_5G_FamilyPlan_Q4_2025,FamilyPlan_Broad_HK_25-55,5G_Family_Video_v1_Canto,18-24,male,Wan Chai,Cantonese,5G_Family_2Line,subscription,388,24,N,N,N,388,active,5,,1940,12106.0
CUST100147,2025-11-07,paid_social,meta,HK_5G_FamilyPlan_Q4_2025,FamilyPlan_Broad_HK_25-55,5G_Family_Video_v1_Canto,18-24,male,Wan Chai,English,5G_Single_Basic,subscription,198,12,N,N,N,198,active,5,,990,3802.0
CUST100148,2025-11-10,paid_social,meta,HK_5G_FamilyPlan_Q4_2025,FamilyPlan_Broad_HK_25-55,5G_Family_Video_v1_Canto,18-24,male,Sham Shui Po,Cantonese,5G_Single_Standard,subscription,298,24,N,N,N,298,churned,1,2025-12-10,298,298
CUST100149,2025-11-07,paid_social,meta,HK_5G_FamilyPlan_Q4_2025,FamilyPlan_Broad_HK_25-55,5G_Family_Static_HappyFamily,35-44,male,Kwun Tong,English,5G_Single_Basic,subscription,198,12,N,N,N,198,churned,1,2025-12-07,198,198
CUST100150,2025-11-06,paid_social,meta,HK_5G_FamilyPlan_Q4_2025,FamilyPlan_Broad_HK_25-55,5G_Family_Video_v1_Canto,25-34,male,North,Cantonese,5G_Family_4Line,subscription,588,24,N,N,N,588,active,5,,2940,18346.0
CUST100151,2025-11-08,paid_social,meta,HK_5G_FamilyPlan_Q4_2025,FamilyPlan_Broad_HK_25-55,5G_Family_Video_v1_Canto,25-34,male,Sha Tin,Cantonese,5G_Family_2Line,subscription,388,24,N,N,N,388,churned,1,2025-12-08,388,388
CUST100152,2025-11-07,paid_social,meta,HK_5G_FamilyPlan_Q4_2025,FamilyPlan_Broad_HK_25-55,5G_Family_Video_v1_Canto,25-34,female,Kwun Tong,English,5G_Family_4Line,subscription,588,24,Y,Y,N,864,churned,2,2026-01-06,1728,1728
CUST100153,2025-11-01,paid_social,meta,HK_5G_FamilyPlan_Q4_2025,FamilyPlan_Broad_HK_25-55,5G_Family_Video_v1_Canto,25-34,male,Sha Tin,Cantonese,5G_Single_Standard,subscription,298,24,N,Y,N,376,active,5,,1880,11731.0
CUST100154,2025-11-05,paid_social,meta,HK_5G_FamilyPlan_Q4_2025,FamilyPlan_Broad_HK_25-55,5G_Family_Video_v1_Canto,18-24,female,Eastern,Cantonese,5G_Single_Basic,subscription,198,12,Y,N,N,396,active,5,,1980,7603.0
CUST100155,2025-11-10,paid_social,meta,HK_5G_FamilyPlan_Q4_2025,FamilyPlan_Broad_HK_25-55,5G_Family_Video_v1_Canto,35-44,male,Sha Tin,English,5G_Single_Premium,subscription,488,24,N,N,N,488,churned,1,2025-12-10,488,488
CUST100156,2025-11-06,paid_social,meta,HK_5G_FamilyPlan_Q4_2025,FamilyPlan_Broad_HK_25-55,5G_Family_Static_HappyFamily,18-24,male,Tsuen Wan,Cantonese,5G_Single_Basic,subscription,198,12,N,N,N,198,churned,3,2026-02-04,594,594
CUST100157,2025-11-14,paid_social,meta,HK_5G_FamilyPlan_Q4_2025,FamilyPlan_Broad_HK_25-55,5G_Family_Static_HappyFamily,45-54,male,Yuen Long,English,5G_Single_Basic,subscription,198,12,N,N,N,198,active,5,,990,3802.0
CUST100158,2025-11-04,paid_social,meta,HK_5G_FamilyPlan_Q4_2025,FamilyPlan_Broad_HK_25-55,5G_Family_Static_HappyFamily,18-24,female,Wan Chai,Cantonese,5G_Single_Basic,subscription,198,12,N,N,N,198,churned,2,2026-01-03,396,396
CUST100159,2025-11-05,paid_social,meta,HK_5G_FamilyPlan_Q4_2025,FamilyPlan_Broad_HK_25-55,5G_Family_Static_HappyFamily,35-44,male,Yuen Long,Cantonese,5G_Single_Basic,subscription,198,12,N,N,N,198,active,5,,990,3802.0
CUST100160,2025-11-04,paid_social,meta,HK_5G_FamilyPlan_Q4_2025,FamilyPlan_Broad_HK_25-55,5G_Family_Video_v1_Canto,18-24,male,Yuen Long,Cantonese,5G_Single_Standard,subscription,298,24,N,N,Y,548,churned,3,2026-02-02,1644,1644
CUST100161,2025-11-13,paid_social,meta,HK_5G_FamilyPlan_Q4_2025,FamilyPlan_Broad_HK_25-55,5G_Family_Static_HappyFamily,18-24,male,Kowloon City,Cantonese,5G_Family_2Line,subscription,388,24,N,N,N,388,churned,2,2026-01-12,776,776
CUST100162,2025-11-13,paid_social,meta,HK_5G_FamilyPlan_Q4_2025,FamilyPlan_Broad_HK_25-55,5G_Family_Static_HappyFamily,18-24,male,Sha Tin,Cantonese,5G_Single_Basic,subscription,198,12,N,N,N,198,churned,4,2026-03-13,792,792
CUST100163,2025-11-13,paid_social,meta,HK_5G_FamilyPlan_Q4_2025,FamilyPlan_Broad_HK_25-55,5G_Family_Static_HappyFamily,18-24,female,Sha Tin,Cantonese,5G_Family_2Line,subscription,388,24,N,Y,Y,716,churned,3,2026-02-11,2148,2148
CUST100164,2025-11-07,paid_social,meta,HK_5G_FamilyPlan_Q4_2025,FamilyPlan_Broad_HK_25-55,5G_Family_Video_v1_Canto,25-34,male,Sham Shui Po,Cantonese,5G_Family_2Line,subscription,388,24,Y,Y,N,664,churned,1,2025-12-07,664,664
CUST100165,2025-11-09,paid_social,meta,HK_5G_FamilyPlan_Q4_2025,FamilyPlan_Broad_HK_25-55,5G_Family_Video_v1_Canto,25-34,male,Eastern,Cantonese,5G_Single_Standard,subscription,298,24,N,N,N,298,active,5,,1490,9298.0
CUST100166,2025-11-11,paid_social,meta,HK_5G_FamilyPlan_Q4_2025,FamilyPlan_Broad_HK_25-55,5G_Family_Video_v1_Canto,35-44,male,Wong Tai Sin,Cantonese,5G_Family_2Line,subscription,388,24,N,Y,N,466,active,5,,2330,14539.0
CUST100167,2025-11-06,paid_social,meta,HK_5G_FamilyPlan_Q4_2025,FamilyPlan_Broad_HK_25-55,5G_Family_Video_v1_Canto,25-34,female,Sha Tin,Cantonese,5G_Family_2Line,subscription,388,24,Y,N,N,586,churned,1,2025-12-06,586,586
CUST100168,2025-11-04,paid_social,meta,HK_5G_FamilyPlan_Q4_2025,FamilyPlan_Broad_HK_25-55,5G_Family_Video_v1_Canto,18-24,male,Tuen Mun,Cantonese,5G_Single_Basic,subscription,198,12,N,N,N,198,churned,2,2026-01-03,396,396
CUST100169,2025-11-13,paid_social,meta,HK_5G_FamilyPlan_Q4_2025,FamilyPlan_Broad_HK_25-55,5G_Family_Video_v1_Canto,25-34,female,Eastern,Mandarin,5G_Family_2Line,subscription,388,24,N,Y,N,466,active,5,,2330,14539.0
CUST100170,2025-11-12,paid_social,meta,HK_5G_FamilyPlan_Q4_2025,FamilyPlan_Broad_HK_25-55,5G_Family_Static_HappyFamily,25-34,female,Tsuen Wan,Cantonese,5G_Family_2Line,subscription,388,24,N,N,N,388,churned,1,2025-12-12,388,388
CUST100171,2025-11-11,paid_social,meta,HK_5G_FamilyPlan_Q4_2025,FamilyPlan_Broad_HK_25-55,5G_Family_Video_v1_Canto,18-24,male,Yau Tsim Mong,Cantonese,5G_Single_Standard,subscription,298,24,N,N,N,298,active,5,,1490,9298.0
CUST100172,2025-11-03,paid_social,meta,HK_5G_FamilyPlan_Q4_2025,FamilyPlan_Broad_HK_25-55,5G_Family_Video_v1_Canto,25-34,female,Sha Tin,Cantonese,5G_Family_4Line,subscription,588,24,Y,Y,N,864,active,5,,4320,26957.0
CUST100173,2025-11-01,paid_social,meta,HK_5G_FamilyPlan_Q4_2025,FamilyPlan_Broad_HK_25-55,5G_Family_Static_HappyFamily,35-44,male,Tuen Mun,Cantonese,5G_Single_Basic,subscription,198,12,N,N,N,198,churned,2,2025-12-31,396,396
CUST100174,2025-11-04,paid_social,meta,HK_5G_FamilyPlan_Q4_2025,FamilyPlan_Broad_HK_25-55,5G_Family_Video_v1_Canto,18-24,male,Central & Western,Cantonese,5G_Family_2Line,subscription,388,24,N,N,N,388,active,5,,1940,12106.0
CUST100175,2025-11-09,paid_social,meta,HK_5G_FamilyPlan_Q4_2025,FamilyPlan_Broad_HK_25-55,5G_Family_Static_HappyFamily,18-24,male,Kowloon City,Cantonese,5G_Family_2Line,subscription,388,24,Y,N,N,586,churned,2,2026-01-08,1172,1172
CUST100176,2025-11-09,paid_social,meta,HK_5G_FamilyPlan_Q4_2025,FamilyPlan_Broad_HK_25-55,5G_Family_Video_v1_Canto,25-34,female,Kwun Tong,Cantonese,5G_Single_Basic,subscription,198,12,N,N,N,198,churned,2,2026-01-08,396,396
CUST100177,2025-11-10,paid_social,meta,HK_5G_FamilyPlan_Q4_2025,FamilyPlan_Broad_HK_25-55,5G_Family_Static_HappyFamily,18-24,male,Tuen Mun,Cantonese,5G_Single_Standard,subscription,298,24,N,N,N,298,active,5,,1490,9298.0
CUST100178,2025-11-14,paid_social,meta,HK_5G_FamilyPlan_Q4_2025,FamilyPlan_Broad_HK_25-55,5G_Family_Static_HappyFamily,18-24,male,Tuen Mun,Cantonese,5G_Single_Basic,subscription,198,12,N,N,N,198,active,5,,990,3802.0
CUST100179,2025-11-10,paid_social,meta,HK_5G_FamilyPlan_Q4_2025,FamilyPlan_Broad_HK_25-55,5G_Family_Static_HappyFamily,18-24,male,Wong Tai Sin,English,5G_Single_Basic,subscription,198,12,N,N,N,198,active,5,,990,3802.0
CUST100180,2025-11-06,paid_social,meta,HK_5G_FamilyPlan_Q4_2025,FamilyPlan_Broad_HK_25-55,5G_Family_Video_v1_Canto,35-44,male,Tai Po,Cantonese,5G_Single_Basic,subscription,198,12,N,N,N,198,active,5,,990,3802.0
CUST100181,2025-11-09,paid_social,meta,HK_5G_FamilyPlan_Q4_2025,FamilyPlan_Broad_HK_25-55,5G_Family_Video_v1_Canto,18-24,female,Central & Western,Cantonese,5G_Family_2Line,subscription,388,24,Y,N,N,586,active,5,,2930,18283.0
CUST100182,2025-11-12,paid_social,meta,HK_5G_FamilyPlan_Q4_2025,FamilyPlan_Broad_HK_25-55,5G_Family_Static_HappyFamily,18-24,male,Southern,English,5G_Single_Premium,subscription,488,24,N,N,Y,738,churned,1,2025-12-12,738,738
CUST100183,2025-11-08,paid_social,meta,HK_5G_FamilyPlan_Q4_2025,FamilyPlan_Broad_HK_25-55,5G_Family_Video_v1_Canto,25-34,female,Wong Tai Sin,English,5G_Single_Basic,subscription,198,12,N,N,N,198,churned,4,2026-03-08,792,792
CUST100184,2025-11-12,paid_social,meta,HK_5G_FamilyPlan_Q4_2025,FamilyPlan_Broad_HK_25-55,5G_Family_Static_HappyFamily,45-54,female,Wan Chai,Cantonese,5G_Single_Standard,subscription,298,24,N,N,N,298,active,5,,1490,9298.0
CUST100185,2025-11-13,paid_social,meta,HK_5G_FamilyPlan_Q4_2025,FamilyPlan_Broad_HK_25-55,5G_Family_Static_HappyFamily,25-34,male,Tsuen Wan,English,5G_Single_Standard,subscription,298,24,N,N,N,298,active,5,,1490,9298.0
CUST100186,2025-11-01,paid_social,meta,HK_5G_FamilyPlan_Q4_2025,FamilyPlan_Broad_HK_25-55,5G_Family_Static_HappyFamily,18-24,male,Tuen Mun,Cantonese,5G_Single_Standard,subscription,298,24,N,N,N,298,churned,3,2026-01-30,894,894
CUST100187,2025-11-07,paid_social,meta,HK_5G_FamilyPlan_Q4_2025,FamilyPlan_Broad_HK_25-55,5G_Family_Static_HappyFamily,25-34,female,Wan Chai,English,5G_Single_Premium,subscription,488,24,N,N,N,488,active,5,,2440,15226.0
CUST100188,2025-11-01,paid_social,meta,HK_5G_FamilyPlan_Q4_2025,FamilyPlan_Broad_HK_25-55,5G_Family_Static_HappyFamily,25-34,female,Southern,Cantonese,5G_Family_4Line,subscription,588,24,N,N,Y,838,active,5,,4190,26146.0
CUST100189,2025-11-07,paid_social,meta,HK_5G_FamilyPlan_Q4_2025,FamilyPlan_Broad_HK_25-55,5G_Family_Static_HappyFamily,18-24,female,Sai Kung,Mandarin,5G_Single_Premium,subscription,488,24,N,Y,N,566,churned,2,2026-01-06,1132,1132
CUST100190,2025-11-08,paid_social,tiktok,HK_5G_GamerUnlimited_Q4,Gamers_M_18-25_HK_HighIntent,UnlimitedGaming_Streamer_UGC_Edit,18-24,male,Islands,Cantonese,5G_Gamer_Unlimited,subscription,348,24,N,Y,N,426,active,5,,2130,13291.0
CUST100191,2025-11-12,paid_social,tiktok,HK_5G_GamerUnlimited_Q4,Gamers_M_18-25_HK_HighIntent,UnlimitedGaming_Streamer_UGC_Edit,25-34,male,Sha Tin,English,5G_Gamer_Unlimited,subscription,348,24,N,N,N,348,churned,3,2026-02-10,1044,1044
CUST100192,2025-11-04,paid_social,tiktok,HK_5G_GamerUnlimited_Q4,Gamers_M_18-25_HK_HighIntent,UnlimitedGaming_Streamer_UGC_Edit,18-24,female,Wong Tai Sin,Cantonese,5G_Gamer_Unlimited,subscription,348,24,Y,N,N,546,active,5,,2730,17035.0
CUST100193,2025-11-05,paid_social,tiktok,HK_5G_GamerUnlimited_Q4,Gamers_M_18-25_HK_HighIntent,UnlimitedGaming_Hook_PingTest_v3,35-44,male,Tai Po,English,5G_Gamer_Unlimited,subscription,348,24,N,Y,N,426,active,5,,2130,13291.0
CUST100194,2025-11-14,paid_social,tiktok,HK_5G_GamerUnlimited_Q4,Gamers_M_18-25_HK_HighIntent,UnlimitedGaming_Hook_PingTest_v3,25-34,male,North,Cantonese,5G_Gamer_Unlimited,subscription,348,24,N,N,N,348,active,5,,1740,10858.0
CUST100195,2025-11-11,paid_social,tiktok,HK_5G_GamerUnlimited_Q4,Gamers_M_18-25_HK_HighIntent,UnlimitedGaming_Hook_PingTest_v3,18-24,male,Sha Tin,Cantonese,5G_Gamer_Unlimited,subscription,348,24,N,N,N,348,active,5,,1740,10858.0
CUST100196,2025-11-11,paid_social,tiktok,HK_5G_GamerUnlimited_Q4,Gamers_M_18-25_HK_HighIntent,UnlimitedGaming_Hook_PingTest_v3,18-24,female,Yuen Long,Mandarin,5G_Single_Standard,subscription,298,24,N,N,N,298,active,5,,1490,9298.0
CUST100197,2025-11-07,paid_social,tiktok,HK_5G_GamerUnlimited_Q4,Gamers_M_18-25_HK_HighIntent,UnlimitedGaming_Hook_PingTest_v3,18-24,male,Tuen Mun,Cantonese,5G_Single_Premium,subscription,488,24,N,N,N,488,active,5,,2440,15226.0
CUST100198,2025-11-09,paid_social,tiktok,HK_5G_GamerUnlimited_Q4,Gamers_M_18-25_HK_HighIntent,UnlimitedGaming_Streamer_UGC_Edit,18-24,male,Yau Tsim Mong,Cantonese,5G_Gamer_Unlimited,subscription,348,24,N,Y,N,426,active,5,,2130,13291.0
CUST100199,2025-11-04,paid_social,tiktok,HK_5G_GamerUnlimited_Q4,Gamers_M_18-25_HK_HighIntent,UnlimitedGaming_Hook_PingTest_v3,25-34,male,Central & Western,Cantonese,5G_Gamer_Unlimited,subscription,348,24,N,Y,N,426,active,5,,2130,13291.0
CUST100200,2025-11-08,paid_social,tiktok,HK_5G_GamerUnlimited_Q4,Gamers_M_18-25_HK_HighIntent,UnlimitedGaming_Streamer_UGC_Edit,18-24,male,Yuen Long,Cantonese,5G_Gamer_Unlimited,subscription,348,24,N,N,N,348,churned,3,2026-02-06,1044,1044
CUST100201,2025-11-08,paid_social,tiktok,HK_5G_GamerUnlimited_Q4,Gamers_M_18-25_HK_HighIntent,UnlimitedGaming_Hook_PingTest_v3,25-34,male,Yau Tsim Mong,English,5G_Single_Standard,subscription,298,24,N,N,N,298,active,5,,1490,9298.0
CUST100202,2025-11-08,paid_social,tiktok,HK_5G_GamerUnlimited_Q4,Gamers_M_18-25_HK_HighIntent,UnlimitedGaming_Streamer_UGC_Edit,25-34,female,Tuen Mun,Cantonese,5G_Gamer_Unlimited,subscription,348,24,N,N,Y,598,active,5,,2990,18658.0
CUST100203,2025-11-14,paid_social,tiktok,HK_5G_GamerUnlimited_Q4,Gamers_M_18-25_HK_HighIntent,UnlimitedGaming_Streamer_UGC_Edit,18-24,male,North,Cantonese,5G_Gamer_Unlimited,subscription,348,24,N,N,N,348,active,5,,1740,10858.0
CUST100204,2025-11-14,paid_social,tiktok,HK_5G_GamerUnlimited_Q4,Gamers_M_18-25_HK_HighIntent,UnlimitedGaming_Hook_PingTest_v3,18-24,male,Wan Chai,English,5G_Gamer_Unlimited,subscription,348,24,Y,N,Y,796,churned,1,2025-12-14,796,796
CUST100205,2025-11-05,paid_social,tiktok,HK_5G_GamerUnlimited_Q4,Gamers_M_18-25_HK_HighIntent,UnlimitedGaming_Streamer_UGC_Edit,18-24,female,Kowloon City,Cantonese,5G_Single_Premium,subscription,488,24,N,N,N,488,active,5,,2440,15226.0
CUST100206,2025-11-10,paid_social,tiktok,HK_5G_GamerUnlimited_Q4,Gamers_M_18-25_HK_HighIntent,UnlimitedGaming_Hook_PingTest_v3,18-24,male,Sham Shui Po,Cantonese,5G_Gamer_Unlimited,subscription,348,24,N,N,Y,598,active,5,,2990,18658.0
CUST100207,2025-11-01,paid_social,tiktok,HK_5G_GamerUnlimited_Q4,Gamers_M_18-25_HK_HighIntent,UnlimitedGaming_Streamer_UGC_Edit,18-24,male,Central & Western,English,5G_Gamer_Unlimited,subscription,348,24,N,N,Y,598,active,5,,2990,18658.0
CUST100208,2025-11-03,paid_social,tiktok,HK_5G_GamerUnlimited_Q4,Gamers_M_18-25_HK_HighIntent,UnlimitedGaming_Streamer_UGC_Edit,18-24,male,Eastern,Cantonese,5G_Single_Premium,subscription,488,24,N,N,N,488,active,5,,2440,15226.0
CUST100209,2025-11-07,paid_social,tiktok,HK_5G_GamerUnlimited_Q4,Gamers_M_18-25_HK_HighIntent,UnlimitedGaming_Hook_PingTest_v3,18-24,male,Wan Chai,Cantonese,5G_Gamer_Unlimited,subscription,348,24,N,N,N,348,active,5,,1740,10858.0
CUST100210,2025-11-03,paid_social,tiktok,HK_5G_GamerUnlimited_Q4,Gamers_M_18-25_HK_HighIntent,UnlimitedGaming_Streamer_UGC_Edit,25-34,male,Eastern,Cantonese,5G_Gamer_Unlimited,subscription,348,24,N,Y,N,426,active,5,,2130,13291.0
CUST100211,2025-11-12,paid_social,tiktok,HK_5G_GamerUnlimited_Q4,Gamers_M_18-25_HK_HighIntent,UnlimitedGaming_Streamer_UGC_Edit,18-24,male,Sham Shui Po,Cantonese,5G_Gamer_Unlimited,subscription,348,24,Y,N,Y,796,active,5,,3980,24835.0
CUST100212,2025-11-05,paid_social,tiktok,HK_5G_GamerUnlimited_Q4,Gamers_M_18-25_HK_HighIntent,UnlimitedGaming_Streamer_UGC_Edit,18-24,male,North,English,5G_Gamer_Unlimited,subscription,348,24,N,N,N,348,active,5,,1740,10858.0
CUST100213,2025-11-04,paid_social,tiktok,HK_5G_GamerUnlimited_Q4,Gamers_M_18-25_HK_HighIntent,UnlimitedGaming_Streamer_UGC_Edit,18-24,male,Yau Tsim Mong,Cantonese,5G_Gamer_Unlimited,subscription,348,24,Y,N,N,546,churned,2,2026-01-03,1092,1092
CUST100214,2025-11-05,paid_social,tiktok,HK_5G_GamerUnlimited_Q4,Gamers_M_18-25_HK_HighIntent,UnlimitedGaming_Streamer_UGC_Edit,25-34,male,Tuen Mun,Cantonese,5G_Gamer_Unlimited,subscription,348,24,N,N,Y,598,active,5,,2990,18658.0
CUST100215,2025-11-11,paid_social,tiktok,HK_5G_GamerUnlimited_Q4,Gamers_M_18-25_HK_HighIntent,UnlimitedGaming_Hook_PingTest_v3,18-24,female,Kwun Tong,Cantonese,5G_Single_Standard,subscription,298,24,N,N,N,298,active,5,,1490,9298.0
CUST100216,2025-11-06,paid_social,tiktok,HK_5G_GamerUnlimited_Q4,Gamers_M_18-25_HK_HighIntent,UnlimitedGaming_Hook_PingTest_v3,18-24,male,Islands,English,5G_Gamer_Unlimited,subscription,348,24,N,Y,N,426,active,5,,2130,13291.0
CUST100217,2025-11-13,paid_social,tiktok,HK_5G_GamerUnlimited_Q4,Gamers_M_18-25_HK_HighIntent,UnlimitedGaming_Streamer_UGC_Edit,25-34,male,Wong Tai Sin,Cantonese,5G_Gamer_Unlimited,subscription,348,24,Y,N,N,546,active,5,,2730,17035.0
CUST100218,2025-11-02,paid_social,tiktok,HK_5G_GamerUnlimited_Q4,Gamers_M_18-25_HK_HighIntent,UnlimitedGaming_Streamer_UGC_Edit,25-34,male,Kwai Tsing,Cantonese,5G_Gamer_Unlimited,subscription,348,24,N,N,Y,598,active,5,,2990,18658.0
CUST100219,2025-11-05,paid_social,tiktok,HK_5G_GamerUnlimited_Q4,Gamers_M_18-25_HK_HighIntent,UnlimitedGaming_Hook_PingTest_v3,25-34,male,Tuen Mun,English,5G_Gamer_Unlimited,subscription,348,24,N,Y,N,426,churned,4,2026-03-05,1704,1704
CUST100220,2025-11-04,paid_social,tiktok,HK_5G_GamerUnlimited_Q4,Gamers_M_18-25_HK_HighIntent,UnlimitedGaming_Hook_PingTest_v3,18-24,female,Wong Tai Sin,English,5G_Single_Standard,subscription,298,24,N,N,N,298,churned,1,2025-12-04,298,298
CUST100221,2025-11-10,paid_social,tiktok,HK_5G_GamerUnlimited_Q4,Gamers_M_18-25_HK_HighIntent,UnlimitedGaming_Streamer_UGC_Edit,18-24,male,Sham Shui Po,Cantonese,5G_Gamer_Unlimited,subscription,348,24,N,N,N,348,active,5,,1740,10858.0
CUST100222,2025-11-08,paid_social,tiktok,HK_5G_GamerUnlimited_Q4,Gamers_M_18-25_HK_HighIntent,UnlimitedGaming_Streamer_UGC_Edit,18-24,male,Kwai Tsing,Mandarin,5G_Single_Premium,subscription,488,24,N,Y,N,566,active,5,,2830,17659.0
CUST100223,2025-11-10,paid_social,tiktok,HK_5G_GamerUnlimited_Q4,Gamers_M_18-25_HK_HighIntent,UnlimitedGaming_Hook_PingTest_v3,18-24,male,Tuen Mun,English,5G_Gamer_Unlimited,subscription,348,24,Y,Y,N,624,churned,4,2026-03-10,2496,2496
CUST100224,2025-11-12,paid_social,tiktok,HK_5G_GamerUnlimited_Q4,Gamers_M_18-25_HK_HighIntent,UnlimitedGaming_Streamer_UGC_Edit,18-24,male,Sai Kung,English,5G_Gamer_Unlimited,subscription,348,24,N,N,N,348,active,5,,1740,10858.0
CUST100225,2025-11-11,paid_social,tiktok,HK_5G_GamerUnlimited_Q4,Gamers_M_18-25_HK_HighIntent,UnlimitedGaming_Hook_PingTest_v3,18-24,male,Yau Tsim Mong,Cantonese,5G_Gamer_Unlimited,subscription,348,24,N,N,N,348,active,5,,1740,10858.0
CUST100226,2025-11-12,paid_social,tiktok,HK_5G_GamerUnlimited_Q4,Gamers_M_18-25_HK_HighIntent,UnlimitedGaming_Hook_PingTest_v3,18-24,male,Wong Tai Sin,Mandarin,5G_Single_Premium,subscription,488,24,N,N,N,488,active,5,,2440,15226.0
CUST100227,2025-11-06,paid_social,tiktok,HK_5G_GamerUnlimited_Q4,Gamers_M_18-25_HK_HighIntent,UnlimitedGaming_Hook_PingTest_v3,18-24,male,Wong Tai Sin,Cantonese,5G_Gamer_Unlimited,subscription,348,24,N,N,N,348,active,5,,1740,10858.0
CUST100228,2025-11-03,paid_social,tiktok,HK_5G_GamerUnlimited_Q4,Gamers_M_18-25_HK_HighIntent,UnlimitedGaming_Hook_PingTest_v3,18-24,male,Southern,Cantonese,5G_Single_Standard,subscription,298,24,N,N,N,298,active,5,,1490,9298.0
CUST100229,2025-11-03,paid_social,tiktok,HK_5G_GamerUnlimited_Q4,Gamers_M_18-25_HK_HighIntent,UnlimitedGaming_Streamer_UGC_Edit,18-24,female,Tuen Mun,Cantonese,5G_Single_Premium,subscription,488,24,N,Y,N,566,churned,3,2026-02-01,1698,1698
CUST100230,2025-11-05,paid_social,tiktok,HK_5G_GamerUnlimited_Q4,Gamers_M_18-25_HK_HighIntent,UnlimitedGaming_Hook_PingTest_v3,25-34,male,Kwai Tsing,Cantonese,5G_Gamer_Unlimited,subscription,348,24,N,N,N,348,churned,1,2025-12-05,348,348
CUST100231,2025-11-08,paid_social,tiktok,HK_5G_GamerUnlimited_Q4,Gamers_M_18-25_HK_HighIntent,UnlimitedGaming_Streamer_UGC_Edit,25-34,male,Sha Tin,Mandarin,5G_Single_Standard,subscription,298,24,N,N,N,298,active,5,,1490,9298.0
CUST100232,2025-11-13,paid_social,tiktok,HK_5G_GamerUnlimited_Q4,Gamers_M_18-25_HK_HighIntent,UnlimitedGaming_Streamer_UGC_Edit,18-24,female,Kwun Tong,English,5G_Gamer_Unlimited,subscription,348,24,N,N,N,348,churned,1,2025-12-13,348,348
CUST100233,2025-11-01,paid_social,tiktok,HK_5G_GamerUnlimited_Q4,Gamers_M_18-25_HK_HighIntent,UnlimitedGaming_Hook_PingTest_v3,25-34,male,Sham Shui Po,Cantonese,5G_Single_Premium,subscription,488,24,N,N,N,488,active,5,,2440,15226.0
CUST100234,2025-11-05,paid_social,tiktok,HK_5G_GamerUnlimited_Q4,Gamers_M_18-25_HK_HighIntent,UnlimitedGaming_Streamer_UGC_Edit,18-24,male,Tuen Mun,English,5G_Single_Premium,subscription,488,24,N,N,N,488,active,5,,2440,15226.0
CUST100235,2025-11-01,paid_social,tiktok,HK_5G_GamerUnlimited_Q4,Gamers_M_18-25_HK_HighIntent,UnlimitedGaming_Streamer_UGC_Edit,18-24,male,Sha Tin,English,5G_Gamer_Unlimited,subscription,348,24,N,N,N,348,active,5,,1740,10858.0
CUST100236,2025-11-10,paid_social,tiktok,HK_5G_GamerUnlimited_Q4,Gamers_M_18-25_HK_HighIntent,UnlimitedGaming_Hook_PingTest_v3,18-24,male,Wan Chai,English,5G_Gamer_Unlimited,subscription,348,24,Y,N,N,546,active,5,,2730,17035.0
CUST100237,2025-11-04,paid_social,tiktok,HK_5G_GamerUnlimited_Q4,Gamers_M_18-25_HK_HighIntent,UnlimitedGaming_Streamer_UGC_Edit,18-24,male,North,English,5G_Single_Premium,subscription,488,24,Y,Y,Y,1014,churned,1,2025-12-04,1014,1014
CUST100238,2025-11-11,paid_social,tiktok,HK_5G_GamerUnlimited_Q4,Gamers_M_18-25_HK_HighIntent,UnlimitedGaming_Streamer_UGC_Edit,18-24,male,Tuen Mun,Cantonese,5G_Single_Standard,subscription,298,24,N,N,N,298,active,5,,1490,9298.0
CUST100239,2025-11-09,paid_social,tiktok,HK_5G_GamerUnlimited_Q4,Gamers_M_18-25_HK_HighIntent,UnlimitedGaming_Hook_PingTest_v3,18-24,female,Wan Chai,English,5G_Gamer_Unlimited,subscription,348,24,N,N,N,348,active,5,,1740,10858.0
CUST100240,2025-11-11,paid_social,tiktok,HK_5G_GamerUnlimited_Q4,Gamers_M_18-25_HK_HighIntent,UnlimitedGaming_Streamer_UGC_Edit,18-24,female,Sai Kung,English,5G_Gamer_Unlimited,subscription,348,24,N,Y,N,426,churned,2,2026-01-10,852,852
CUST100241,2025-11-04,paid_social,tiktok,HK_5G_GamerUnlimited_Q4,Gamers_M_18-25_HK_HighIntent,UnlimitedGaming_Streamer_UGC_Edit,18-24,male,Wong Tai Sin,Cantonese,5G_Single_Premium,subscription,488,24,N,N,N,488,active,5,,2440,15226.0
CUST100242,2025-11-02,paid_social,tiktok,HK_5G_GamerUnlimited_Q4,Gamers_M_18-25_HK_HighIntent,UnlimitedGaming_Hook_PingTest_v3,35-44,male,Kowloon City,Cantonese,5G_Gamer_Unlimited,subscription,348,24,N,N,N,348,active,5,,1740,10858.0
CUST100243,2025-11-08,paid_social,tiktok,HK_5G_GamerUnlimited_Q4,Gamers_M_18-25_HK_HighIntent,UnlimitedGaming_Hook_PingTest_v3,18-24,male,North,English,5G_Gamer_Unlimited,subscription,348,24,N,N,N,348,active,5,,1740,10858.0
CUST100244,2025-11-03,paid_social,tiktok,HK_5G_GamerUnlimited_Q4,Gamers_M_18-25_HK_HighIntent,UnlimitedGaming_Hook_PingTest_v3,18-24,male,Tai Po,English,5G_Single_Standard,subscription,298,24,N,N,N,298,active,5,,1490,9298.0
CUST100245,2025-11-03,paid_social,tiktok,HK_5G_GamerUnlimited_Q4,Gamers_M_18-25_HK_HighIntent,UnlimitedGaming_Hook_PingTest_v3,18-24,male,Wong Tai Sin,Cantonese,5G_Single_Standard,subscription,298,24,N,N,N,298,churned,2,2026-01-02,596,596
CUST100246,2025-11-08,paid_social,tiktok,HK_5G_GamerUnlimited_Q4,Gamers_M_18-25_HK_HighIntent,UnlimitedGaming_Hook_PingTest_v3,25-34,male,Tuen Mun,Cantonese,5G_Gamer_Unlimited,subscription,348,24,N,N,N,348,active,5,,1740,10858.0
CUST100247,2025-11-06,paid_social,tiktok,HK_5G_GamerUnlimited_Q4,Gamers_M_18-25_HK_HighIntent,UnlimitedGaming_Streamer_UGC_Edit,25-34,male,Tuen Mun,English,5G_Single_Premium,subscription,488,24,Y,N,N,686,churned,3,2026-02-04,2058,2058
CUST100248,2025-11-02,paid_social,tiktok,HK_5G_GamerUnlimited_Q4,Gamers_M_18-25_HK_HighIntent,UnlimitedGaming_Hook_PingTest_v3,18-24,male,Kowloon City,English,5G_Gamer_Unlimited,subscription,348,24,N,N,N,348,churned,4,2026-03-02,1392,1392
CUST100249,2025-11-02,paid_social,tiktok,HK_5G_GamerUnlimited_Q4,Gamers_M_18-25_HK_HighIntent,UnlimitedGaming_Streamer_UGC_Edit,18-24,male,Yuen Long,English,5G_Single_Premium,subscription,488,24,Y,N,N,686,active,5,,3430,21403.0
CUST100250,2025-11-05,paid_social,tiktok,HK_5G_GamerUnlimited_Q4,Gamers_M_18-25_HK_HighIntent,UnlimitedGaming_Streamer_UGC_Edit,25-34,male,Sai Kung,Cantonese,5G_Gamer_Unlimited,subscription,348,24,Y,Y,Y,874,churned,1,2025-12-05,874,874
CUST100251,2025-11-02,paid_social,tiktok,HK_5G_GamerUnlimited_Q4,Gamers_M_18-25_HK_HighIntent,UnlimitedGaming_Streamer_UGC_Edit,25-34,male,Tai Po,Cantonese,5G_Gamer_Unlimited,subscription,348,24,N,N,N,348,active,5,,1740,10858.0
CUST100252,2025-11-10,paid_social,tiktok,HK_5G_GamerUnlimited_Q4,Gamers_M_18-25_HK_HighIntent,UnlimitedGaming_Streamer_UGC_Edit,18-24,male,Sham Shui Po,English,5G_Gamer_Unlimited,subscription,348,24,N,N,Y,598,active,5,,2990,18658.0
CUST100253,2025-11-06,paid_social,tiktok,HK_5G_GamerUnlimited_Q4,Gamers_M_18-25_HK_HighIntent,UnlimitedGaming_Hook_PingTest_v3,18-24,male,Wong Tai Sin,Cantonese,5G_Gamer_Unlimited,subscription,348,24,N,N,N,348,active,5,,1740,10858.0
CUST100254,2025-11-01,paid_social,tiktok,HK_5G_GamerUnlimited_Q4,Gamers_M_18-25_HK_HighIntent,UnlimitedGaming_Streamer_UGC_Edit,25-34,male,Sai Kung,Cantonese,5G_Gamer_Unlimited,subscription,348,24,N,N,N,348,churned,1,2025-12-01,348,348
CUST100255,2025-11-09,paid_social,tiktok,HK_5G_GamerUnlimited_Q4,Gamers_M_18-25_HK_HighIntent,UnlimitedGaming_Streamer_UGC_Edit,18-24,male,Kwai Tsing,English,5G_Single_Standard,subscription,298,24,N,N,N,298,active,5,,1490,9298.0
CUST100256,2025-11-13,paid_social,tiktok,HK_5G_GamerUnlimited_Q4,Gamers_M_18-25_HK_HighIntent,UnlimitedGaming_Streamer_UGC_Edit,25-34,male,Tuen Mun,English,5G_Single_Standard,subscription,298,24,N,N,N,298,active,5,,1490,9298.0
CUST100257,2025-11-06,paid_social,tiktok,HK_5G_GamerUnlimited_Q4,Gamers_M_18-25_HK_HighIntent,UnlimitedGaming_Streamer_UGC_Edit,18-24,male,Tuen Mun,Cantonese,5G_Gamer_Unlimited,subscription,348,24,N,N,N,348,active,5,,1740,10858.0
CUST100258,2025-11-14,paid_social,tiktok,HK_5G_GamerUnlimited_Q4,Gamers_M_18-25_HK_HighIntent,UnlimitedGaming_Streamer_UGC_Edit,18-24,male,Kwai Tsing,Cantonese,5G_Single_Premium,subscription,488,24,N,N,N,488,active,5,,2440,15226.0
CUST100259,2025-11-11,paid_social,tiktok,HK_5G_GamerUnlimited_Q4,Gamers_M_18-25_HK_HighIntent,UnlimitedGaming_Hook_PingTest_v3,18-24,female,Tai Po,Cantonese,5G_Single_Standard,subscription,298,24,N,N,N,298,active,5,,1490,9298.0
CUST100260,2025-11-07,paid_social,tiktok,HK_5G_GamerUnlimited_Q4,Gamers_M_18-25_HK_HighIntent,UnlimitedGaming_Streamer_UGC_Edit,25-34,male,Central & Western,English,5G_Single_Premium,subscription,488,24,N,N,N,488,active,5,,2440,15226.0
CUST100261,2025-11-04,paid_social,tiktok,HK_5G_GamerUnlimited_Q4,Gamers_M_18-25_HK_HighIntent,UnlimitedGaming_Hook_PingTest_v3,18-24,male,Southern,Cantonese,5G_Single_Premium,subscription,488,24,N,N,N,488,active,5,,2440,15226.0
CUST100262,2025-11-03,paid_social,tiktok,HK_5G_GamerUnlimited_Q4,Gamers_M_18-25_HK_HighIntent,UnlimitedGaming_Streamer_UGC_Edit,18-24,male,Central & Western,Cantonese,5G_Gamer_Unlimited,subscription,348,24,N,Y,N,426,active,5,,2130,13291.0
CUST100263,2025-11-04,paid_social,tiktok,HK_5G_GamerUnlimited_Q4,Gamers_M_18-25_HK_HighIntent,UnlimitedGaming_Streamer_UGC_Edit,25-34,male,Wan Chai,English,5G_Gamer_Unlimited,subscription,348,24,N,N,N,348,active,5,,1740,10858.0
CUST100264,2025-11-02,paid_social,tiktok,HK_5G_GamerUnlimited_Q4,Gamers_M_18-25_HK_HighIntent,UnlimitedGaming_Streamer_UGC_Edit,18-24,male,Tsuen Wan,Cantonese,5G_Gamer_Unlimited,subscription,348,24,N,N,Y,598,active,5,,2990,18658.0
CUST100265,2025-11-01,paid_social,tiktok,HK_5G_GamerUnlimited_Q4,Gamers_M_18-25_HK_HighIntent,UnlimitedGaming_Hook_PingTest_v3,25-34,male,Eastern,Cantonese,5G_Gamer_Unlimited,subscription,348,24,Y,Y,Y,874,active,5,,4370,27269.0
CUST100266,2025-11-06,paid_social,tiktok,HK_5G_GamerUnlimited_Q4,Gamers_M_18-25_HK_HighIntent,UnlimitedGaming_Streamer_UGC_Edit,18-24,male,Sha Tin,English,5G_Gamer_Unlimited,subscription,348,24,N,N,N,348,active,5,,1740,10858.0
CUST100267,2025-11-05,paid_social,tiktok,HK_5G_GamerUnlimited_Q4,Gamers_M_18-25_HK_HighIntent,UnlimitedGaming_Streamer_UGC_Edit,18-24,male,Kwun Tong,Cantonese,5G_Single_Premium,subscription,488,24,N,N,N,488,active,5,,2440,15226.0
CUST100268,2025-11-11,paid_social,tiktok,HK_5G_GamerUnlimited_Q4,Gamers_M_18-25_HK_HighIntent,UnlimitedGaming_Hook_PingTest_v3,35-44,male,Yau Tsim Mong,Cantonese,5G_Single_Premium,subscription,488,24,N,N,N,488,active,5,,2440,15226.0
CUST100269,2025-11-04,paid_social,tiktok,HK_5G_GamerUnlimited_Q4,Gamers_M_18-25_HK_HighIntent,UnlimitedGaming_Streamer_UGC_Edit,18-24,female,Sham Shui Po,Cantonese,5G_Gamer_Unlimited,subscription,348,24,N,N,N,348,active,5,,1740,10858.0
CUST100270,2025-11-12,paid_social,tiktok,HK_5G_GamerUnlimited_Q4,Gamers_M_18-25_HK_HighIntent,UnlimitedGaming_Streamer_UGC_Edit,35-44,male,Central & Western,Cantonese,5G_Gamer_Unlimited,subscription,348,24,N,N,N,348,active,5,,1740,10858.0
CUST100271,2025-11-02,paid_social,tiktok,HK_5G_GamerUnlimited_Q4,Gamers_M_18-25_HK_HighIntent,UnlimitedGaming_Streamer_UGC_Edit,25-34,male,Yuen Long,Mandarin,5G_Single_Premium,subscription,488,24,Y,N,N,686,active,5,,3430,21403.0
CUST100272,2025-11-04,paid_social,tiktok,HK_5G_GamerUnlimited_Q4,Gamers_M_18-25_HK_HighIntent,UnlimitedGaming_Hook_PingTest_v3,18-24,male,Kwun Tong,Cantonese,5G_Gamer_Unlimited,subscription,348,24,N,Y,N,426,active,5,,2130,13291.0
CUST100273,2025-11-04,paid_social,tiktok,HK_5G_GamerUnlimited_Q4,Gamers_M_18-25_HK_HighIntent,UnlimitedGaming_Streamer_UGC_Edit,25-34,male,Eastern,Cantonese,5G_Single_Standard,subscription,298,24,N,N,N,298,active,5,,1490,9298.0
CUST100274,2025-11-04,paid_social,tiktok,HK_5G_GamerUnlimited_Q4,Gamers_M_18-25_HK_HighIntent,UnlimitedGaming_Streamer_UGC_Edit,25-34,male,Tuen Mun,Cantonese,5G_Gamer_Unlimited,subscription,348,24,N,Y,N,426,active,5,,2130,13291.0
CUST100275,2025-11-08,paid_social,tiktok,HK_5G_GamerUnlimited_Q4,Gamers_M_18-25_HK_HighIntent,UnlimitedGaming_Streamer_UGC_Edit,25-34,female,Central & Western,Cantonese,5G_Gamer_Unlimited,subscription,348,24,N,N,Y,598,active,5,,2990,18658.0
CUST100276,2025-11-09,paid_social,tiktok,HK_5G_GamerUnlimited_Q4,Gamers_M_18-25_HK_HighIntent,UnlimitedGaming_Streamer_UGC_Edit,18-24,male,Yuen Long,English,5G_Single_Premium,subscription,488,24,Y,N,N,686,active,5,,3430,21403.0
CUST100277,2025-11-01,paid_social,tiktok,HK_5G_GamerUnlimited_Q4,Gamers_M_18-25_HK_HighIntent,UnlimitedGaming_Hook_PingTest_v3,18-24,male,North,English,5G_Gamer_Unlimited,subscription,348,24,Y,N,N,546,active,5,,2730,17035.0
CUST100278,2025-11-01,paid_social,tiktok,HK_5G_GamerUnlimited_Q4,Gamers_M_18-25_HK_HighIntent,UnlimitedGaming_Hook_PingTest_v3,18-24,female,Central & Western,Cantonese,5G_Single_Standard,subscription,298,24,N,N,N,298,active,5,,1490,9298.0
CUST100279,2025-11-03,paid_social,tiktok,HK_5G_GamerUnlimited_Q4,Gamers_M_18-25_HK_HighIntent,UnlimitedGaming_Streamer_UGC_Edit,18-24,female,Kowloon City,English,5G_Gamer_Unlimited,subscription,348,24,N,N,Y,598,active,5,,2990,18658.0
CUST100280,2025-11-04,paid_social,tiktok,HK_5G_GamerUnlimited_Q4,Gamers_LookalikeChurnedYouth,UnlimitedGaming_Streamer_UGC_Edit,18-24,male,Wan Chai,Cantonese,5G_Single_Premium,subscription,488,24,N,N,N,488,active,5,,2440,15226.0
CUST100281,2025-11-06,paid_social,tiktok,HK_5G_GamerUnlimited_Q4,Gamers_LookalikeChurnedYouth,UnlimitedGaming_Streamer_UGC_Edit,18-24,male,Kwun Tong,Cantonese,5G_Gamer_Unlimited,subscription,348,24,N,N,N,348,active,5,,1740,10858.0
CUST100282,2025-11-07,paid_social,tiktok,HK_5G_GamerUnlimited_Q4,Gamers_LookalikeChurnedYouth,UnlimitedGaming_Streamer_UGC_Edit,18-24,female,Wong Tai Sin,Cantonese,5G_Gamer_Unlimited,subscription,348,24,N,N,N,348,active,5,,1740,10858.0
CUST100283,2025-11-05,paid_social,tiktok,HK_5G_GamerUnlimited_Q4,Gamers_LookalikeChurnedYouth,UnlimitedGaming_Hook_PingTest_v3,25-34,female,Wan Chai,Mandarin,5G_Single_Premium,subscription,488,24,N,Y,N,566,churned,3,2026-02-03,1698,1698
CUST100284,2025-11-11,paid_social,tiktok,HK_5G_GamerUnlimited_Q4,Gamers_LookalikeChurnedYouth,UnlimitedGaming_Hook_PingTest_v3,25-34,male,Tsuen Wan,Cantonese,5G_Single_Premium,subscription,488,24,N,N,N,488,active,5,,2440,15226.0
CUST100285,2025-11-04,paid_social,tiktok,HK_5G_GamerUnlimited_Q4,Gamers_LookalikeChurnedYouth,UnlimitedGaming_Streamer_UGC_Edit,25-34,female,Tsuen Wan,Cantonese,5G_Single_Standard,subscription,298,24,N,N,N,298,active,5,,1490,9298.0
CUST100286,2025-11-11,paid_social,tiktok,HK_5G_GamerUnlimited_Q4,Gamers_LookalikeChurnedYouth,UnlimitedGaming_Streamer_UGC_Edit,25-34,male,Wong Tai Sin,Mandarin,5G_Gamer_Unlimited,subscription,348,24,N,Y,N,426,churned,3,2026-02-09,1278,1278
CUST100287,2025-11-09,paid_social,tiktok,HK_5G_GamerUnlimited_Q4,Gamers_LookalikeChurnedYouth,UnlimitedGaming_Hook_PingTest_v3,18-24,male,Wan Chai,Cantonese,5G_Gamer_Unlimited,subscription,348,24,N,N,Y,598,active,5,,2990,18658.0
CUST100288,2025-11-14,paid_social,tiktok,HK_5G_GamerUnlimited_Q4,Gamers_LookalikeChurnedYouth,UnlimitedGaming_Streamer_UGC_Edit,18-24,male,Sai Kung,Cantonese,5G_Single_Standard,subscription,298,24,N,N,N,298,active,5,,1490,9298.0
CUST100289,2025-11-02,paid_social,tiktok,HK_5G_GamerUnlimited_Q4,Gamers_LookalikeChurnedYouth,UnlimitedGaming_Hook_PingTest_v3,18-24,male,Sai Kung,Cantonese,5G_Gamer_Unlimited,subscription,348,24,N,N,N,348,active,5,,1740,10858.0
CUST100290,2025-11-06,paid_social,tiktok,HK_5G_GamerUnlimited_Q4,Gamers_LookalikeChurnedYouth,UnlimitedGaming_Streamer_UGC_Edit,25-34,male,Central & Western,Cantonese,5G_Gamer_Unlimited,subscription,348,24,N,Y,N,426,churned,2,2026-01-05,852,852
CUST100291,2025-11-05,paid_social,tiktok,HK_5G_GamerUnlimited_Q4,Gamers_LookalikeChurnedYouth,UnlimitedGaming_Hook_PingTest_v3,18-24,male,Sha Tin,English,5G_Single_Premium,subscription,488,24,N,N,N,488,active,5,,2440,15226.0
CUST100292,2025-11-07,paid_social,tiktok,HK_5G_GamerUnlimited_Q4,Gamers_LookalikeChurnedYouth,UnlimitedGaming_Hook_PingTest_v3,18-24,female,Kwai Tsing,Mandarin,5G_Single_Basic,subscription,198,12,N,N,N,198,active,5,,990,3802.0
CUST100293,2025-11-10,paid_social,tiktok,HK_5G_GamerUnlimited_Q4,Gamers_LookalikeChurnedYouth,UnlimitedGaming_Hook_PingTest_v3,18-24,male,Tuen Mun,Cantonese,5G_Single_Standard,subscription,298,24,N,N,N,298,active,5,,1490,9298.0
CUST100294,2025-11-14,paid_social,tiktok,HK_5G_GamerUnlimited_Q4,Gamers_LookalikeChurnedYouth,UnlimitedGaming_Streamer_UGC_Edit,25-34,male,Central & Western,Cantonese,5G_Gamer_Unlimited,subscription,348,24,N,N,N,348,active,5,,1740,10858.0
CUST100295,2025-11-08,paid_social,tiktok,HK_5G_GamerUnlimited_Q4,Gamers_LookalikeChurnedYouth,UnlimitedGaming_Hook_PingTest_v3,18-24,female,Sai Kung,English,5G_Single_Premium,subscription,488,24,N,N,N,488,churned,2,2026-01-07,976,976
CUST100296,2025-11-12,paid_social,tiktok,HK_5G_GamerUnlimited_Q4,Gamers_LookalikeChurnedYouth,UnlimitedGaming_Streamer_UGC_Edit,25-34,female,Southern,Cantonese,5G_Gamer_Unlimited,subscription,348,24,N,N,N,348,active,5,,1740,10858.0
CUST100297,2025-11-10,paid_social,tiktok,HK_5G_GamerUnlimited_Q4,Gamers_LookalikeChurnedYouth,UnlimitedGaming_Hook_PingTest_v3,18-24,male,Tsuen Wan,Cantonese,5G_Single_Standard,subscription,298,24,N,Y,N,376,churned,4,2026-03-10,1504,1504
CUST100298,2025-11-14,paid_social,tiktok,HK_5G_GamerUnlimited_Q4,Gamers_LookalikeChurnedYouth,UnlimitedGaming_Hook_PingTest_v3,35-44,female,Sham Shui Po,Mandarin,5G_Single_Premium,subscription,488,24,N,N,N,488,active,5,,2440,15226.0
CUST100299,2025-11-05,paid_social,tiktok,HK_5G_GamerUnlimited_Q4,Gamers_LookalikeChurnedYouth,UnlimitedGaming_Streamer_UGC_Edit,18-24,male,Wan Chai,Cantonese,5G_Gamer_Unlimited,subscription,348,24,N,N,N,348,active,5,,1740,10858.0
CUST100300,2025-11-07,paid_social,tiktok,HK_5G_GamerUnlimited_Q4,Gamers_LookalikeChurnedYouth,UnlimitedGaming_Hook_PingTest_v3,25-34,male,Tai Po,English,5G_Single_Standard,subscription,298,24,N,N,N,298,active,5,,1490,9298.0
CUST100301,2025-11-03,paid_social,tiktok,HK_5G_GamerUnlimited_Q4,Gamers_LookalikeChurnedYouth,UnlimitedGaming_Hook_PingTest_v3,25-34,male,Tsuen Wan,Cantonese,5G_Gamer_Unlimited,subscription,348,24,N,Y,Y,676,active,5,,3380,21091.0
CUST100302,2025-11-08,paid_social,tiktok,HK_5G_GamerUnlimited_Q4,Gamers_LookalikeChurnedYouth,UnlimitedGaming_Streamer_UGC_Edit,25-34,female,Kowloon City,Cantonese,5G_Gamer_Unlimited,subscription,348,24,N,N,N,348,active,5,,1740,10858.0
CUST100303,2025-11-11,paid_social,tiktok,HK_5G_GamerUnlimited_Q4,Gamers_LookalikeChurnedYouth,UnlimitedGaming_Streamer_UGC_Edit,18-24,female,Sham Shui Po,Cantonese,5G_Gamer_Unlimited,subscription,348,24,N,N,N,348,active,5,,1740,10858.0
CUST100304,2025-11-11,paid_social,tiktok,HK_5G_GamerUnlimited_Q4,Gamers_LookalikeChurnedYouth,UnlimitedGaming_Hook_PingTest_v3,25-34,male,Southern,Cantonese,5G_Single_Premium,subscription,488,24,Y,N,N,686,active,5,,3430,21403.0
CUST100305,2025-11-02,paid_social,tiktok,HK_5G_GamerUnlimited_Q4,Gamers_LookalikeChurnedYouth,UnlimitedGaming_Streamer_UGC_Edit,18-24,male,Wan Chai,Mandarin,5G_Single_Basic,subscription,198,12,N,N,N,198,churned,2,2026-01-01,396,396
CUST100306,2025-11-14,paid_social,tiktok,HK_5G_GamerUnlimited_Q4,Gamers_LookalikeChurnedYouth,UnlimitedGaming_Streamer_UGC_Edit,25-34,female,Kwun Tong,Cantonese,5G_Gamer_Unlimited,subscription,348,24,N,N,N,348,active,5,,1740,10858.0
CUST100307,2025-11-03,paid_social,tiktok,HK_5G_GamerUnlimited_Q4,Gamers_LookalikeChurnedYouth,UnlimitedGaming_Hook_PingTest_v3,25-34,male,Islands,English,5G_Single_Standard,subscription,298,24,N,N,N,298,active,5,,1490,9298.0
CUST100308,2025-11-03,paid_social,tiktok,HK_5G_GamerUnlimited_Q4,Gamers_LookalikeChurnedYouth,UnlimitedGaming_Hook_PingTest_v3,18-24,male,Kowloon City,Mandarin,5G_Single_Premium,subscription,488,24,Y,N,N,686,active,5,,3430,21403.0
CUST100309,2025-11-09,paid_social,tiktok,HK_5G_GamerUnlimited_Q4,Gamers_LookalikeChurnedYouth,UnlimitedGaming_Streamer_UGC_Edit,18-24,male,Kwun Tong,English,5G_Gamer_Unlimited,subscription,348,24,N,N,N,348,active,5,,1740,10858.0
CUST100310,2025-11-09,paid_social,tiktok,HK_5G_GamerUnlimited_Q4,Gamers_LookalikeChurnedYouth,UnlimitedGaming_Hook_PingTest_v3,18-24,male,Southern,Mandarin,5G_Single_Standard,subscription,298,24,N,N,N,298,active,5,,1490,9298.0
CUST100311,2025-11-03,paid_social,tiktok,HK_5G_GamerUnlimited_Q4,Gamers_LookalikeChurnedYouth,UnlimitedGaming_Streamer_UGC_Edit,18-24,male,Southern,English,5G_Single_Premium,subscription,488,24,N,N,N,488,active,5,,2440,15226.0
CUST100312,2025-11-02,paid_social,tiktok,HK_5G_GamerUnlimited_Q4,Gamers_LookalikeChurnedYouth,UnlimitedGaming_Hook_PingTest_v3,18-24,male,Wan Chai,Cantonese,5G_Single_Premium,subscription,488,24,N,N,N,488,active,5,,2440,15226.0
CUST100313,2025-11-07,paid_social,tiktok,HK_5G_GamerUnlimited_Q4,Gamers_LookalikeChurnedYouth,UnlimitedGaming_Streamer_UGC_Edit,18-24,male,Tuen Mun,Cantonese,5G_Single_Premium,subscription,488,24,Y,N,N,686,active,5,,3430,21403.0
CUST100314,2025-11-06,paid_social,tiktok,HK_5G_GamerUnlimited_Q4,Gamers_LookalikeChurnedYouth,UnlimitedGaming_Streamer_UGC_Edit,25-34,female,Southern,Cantonese,5G_Gamer_Unlimited,subscription,348,24,Y,Y,N,624,active,5,,3120,19469.0
CUST100315,2025-11-09,paid_social,tiktok,HK_5G_GamerUnlimited_Q4,Gamers_LookalikeChurnedYouth,UnlimitedGaming_Hook_PingTest_v3,18-24,male,Yuen Long,Cantonese,5G_Gamer_Unlimited,subscription,348,24,N,N,N,348,active,5,,1740,10858.0
CUST100316,2025-11-04,paid_social,tiktok,HK_5G_GamerUnlimited_Q4,Gamers_LookalikeChurnedYouth,UnlimitedGaming_Hook_PingTest_v3,25-34,male,Kowloon City,English,5G_Single_Premium,subscription,488,24,Y,N,N,686,active,5,,3430,21403.0
CUST100317,2025-11-13,paid_social,tiktok,HK_5G_GamerUnlimited_Q4,Gamers_LookalikeChurnedYouth,UnlimitedGaming_Streamer_UGC_Edit,25-34,female,Southern,Cantonese,5G_Gamer_Unlimited,subscription,348,24,N,N,N,348,active,5,,1740,10858.0
CUST100318,2025-11-04,paid_social,tiktok,HK_5G_GamerUnlimited_Q4,Gamers_LookalikeChurnedYouth,UnlimitedGaming_Hook_PingTest_v3,25-34,male,Southern,Cantonese,5G_Gamer_Unlimited,subscription,348,24,N,Y,N,426,active,5,,2130,13291.0
CUST100319,2025-11-12,paid_social,tiktok,HK_5G_GamerUnlimited_Q4,Gamers_LookalikeChurnedYouth,UnlimitedGaming_Streamer_UGC_Edit,18-24,male,North,English,5G_Gamer_Unlimited,subscription,348,24,N,Y,N,426,churned,2,2026-01-11,852,852
CUST100320,2025-11-03,paid_social,tiktok,HK_5G_GamerUnlimited_Q4,Gamers_LookalikeChurnedYouth,UnlimitedGaming_Streamer_UGC_Edit,25-34,male,Tsuen Wan,English,5G_Single_Premium,subscription,488,24,N,N,N,488,churned,1,2025-12-03,488,488
CUST100321,2025-11-13,paid_social,tiktok,HK_5G_GamerUnlimited_Q4,Gamers_LookalikeChurnedYouth,UnlimitedGaming_Streamer_UGC_Edit,18-24,male,Kowloon City,English,5G_Single_Standard,subscription,298,24,N,N,N,298,churned,3,2026-02-11,894,894
CUST100322,2025-11-13,paid_social,tiktok,HK_5G_GamerUnlimited_Q4,Gamers_LookalikeChurnedYouth,UnlimitedGaming_Hook_PingTest_v3,25-34,female,Sha Tin,Cantonese,5G_Gamer_Unlimited,subscription,348,24,N,N,N,348,active,5,,1740,10858.0
CUST100323,2025-11-05,paid_social,tiktok,HK_5G_GamerUnlimited_Q4,Gamers_LookalikeChurnedYouth,UnlimitedGaming_Hook_PingTest_v3,25-34,female,Sai Kung,Cantonese,5G_Single_Standard,subscription,298,24,N,N,N,298,active,5,,1490,9298.0
CUST100324,2025-11-09,paid_social,tiktok,HK_5G_GamerUnlimited_Q4,Gamers_LookalikeChurnedYouth,UnlimitedGaming_Streamer_UGC_Edit,25-34,male,Tai Po,Cantonese,5G_Single_Premium,subscription,488,24,N,N,N,488,active,5,,2440,15226.0
CUST100325,2025-11-10,paid_social,tiktok,HK_5G_GamerUnlimited_Q4,Gamers_LookalikeChurnedYouth,UnlimitedGaming_Streamer_UGC_Edit,25-34,male,Tsuen Wan,English,5G_Single_Standard,subscription,298,24,N,N,N,298,active,5,,1490,9298.0
CUST100326,2025-11-02,paid_social,tiktok,HK_5G_GamerUnlimited_Q4,Gamers_LookalikeChurnedYouth,UnlimitedGaming_Streamer_UGC_Edit,25-34,female,Central & Western,Mandarin,5G_Gamer_Unlimited,subscription,348,24,N,Y,N,426,active,5,,2130,13291.0
CUST100327,2025-11-08,paid_social,tiktok,HK_5G_GamerUnlimited_Q4,Gamers_LookalikeChurnedYouth,UnlimitedGaming_Streamer_UGC_Edit,25-34,male,Tai Po,Cantonese,5G_Gamer_Unlimited,subscription,348,24,N,Y,N,426,active,5,,2130,13291.0
CUST100328,2025-11-02,paid_social,tiktok,HK_5G_GamerUnlimited_Q4,Gamers_LookalikeChurnedYouth,UnlimitedGaming_Streamer_UGC_Edit,18-24,female,Wan Chai,Cantonese,5G_Single_Basic,subscription,198,12,N,N,N,198,active,5,,990,3802.0
CUST100329,2025-11-07,paid_social,tiktok,HK_5G_GamerUnlimited_Q4,Gamers_LookalikeChurnedYouth,UnlimitedGaming_Hook_PingTest_v3,35-44,male,Yuen Long,Cantonese,5G_Gamer_Unlimited,subscription,348,24,N,N,N,348,active,5,,1740,10858.0
CUST100330,2025-11-09,paid_social,tiktok,HK_5G_GamerUnlimited_Q4,Gamers_LookalikeChurnedYouth,UnlimitedGaming_Hook_PingTest_v3,25-34,female,Southern,Mandarin,5G_Single_Standard,subscription,298,24,N,Y,N,376,active,5,,1880,11731.0
CUST100331,2025-11-13,paid_social,tiktok,HK_5G_GamerUnlimited_Q4,Gamers_LookalikeChurnedYouth,UnlimitedGaming_Streamer_UGC_Edit,25-34,male,North,Cantonese,5G_Single_Premium,subscription,488,24,Y,N,N,686,active,5,,3430,21403.0
CUST100332,2025-11-08,paid_social,tiktok,HK_5G_GamerUnlimited_Q4,Gamers_LookalikeChurnedYouth,UnlimitedGaming_Streamer_UGC_Edit,18-24,male,Sha Tin,Cantonese,5G_Gamer_Unlimited,subscription,348,24,N,N,Y,598,active,5,,2990,18658.0
CUST100333,2025-11-01,paid_social,tiktok,HK_5G_GamerUnlimited_Q4,Gamers_LookalikeChurnedYouth,UnlimitedGaming_Streamer_UGC_Edit,25-34,male,Tai Po,Cantonese,5G_Gamer_Unlimited,subscription,348,24,N,N,N,348,active,5,,1740,10858.0
CUST100334,2025-11-03,paid_social,tiktok,HK_5G_GamerUnlimited_Q4,Gamers_LookalikeChurnedYouth,UnlimitedGaming_Hook_PingTest_v3,35-44,male,Yuen Long,Cantonese,5G_Gamer_Unlimited,subscription,348,24,N,N,Y,598,active,5,,2990,18658.0
CUST100335,2025-11-05,paid_social,tiktok,HK_5G_GamerUnlimited_Q4,Gamers_LookalikeChurnedYouth,UnlimitedGaming_Hook_PingTest_v3,18-24,female,Yuen Long,Cantonese,5G_Single_Premium,subscription,488,24,N,N,N,488,active,5,,2440,15226.0
CUST100336,2025-11-06,paid_social,tiktok,HK_5G_GamerUnlimited_Q4,Gamers_LookalikeChurnedYouth,UnlimitedGaming_Streamer_UGC_Edit,18-24,male,Yau Tsim Mong,Cantonese,5G_Single_Premium,subscription,488,24,N,N,N,488,active,5,,2440,15226.0
CUST100337,2025-11-01,paid_social,tiktok,HK_5G_GamerUnlimited_Q4,Gamers_LookalikeChurnedYouth,UnlimitedGaming_Streamer_UGC_Edit,25-34,male,Tuen Mun,Mandarin,5G_Gamer_Unlimited,subscription,348,24,N,N,N,348,active,5,,1740,10858.0
CUST100338,2025-11-05,paid_social,tiktok,HK_5G_GamerUnlimited_Q4,Gamers_LookalikeChurnedYouth,UnlimitedGaming_Streamer_UGC_Edit,18-24,male,Tsuen Wan,Cantonese,5G_Single_Standard,subscription,298,24,N,N,N,298,active,5,,1490,9298.0
CUST100339,2025-11-05,paid_social,tiktok,HK_5G_GamerUnlimited_Q4,Gamers_LookalikeChurnedYouth,UnlimitedGaming_Streamer_UGC_Edit,35-44,male,Yau Tsim Mong,Cantonese,5G_Gamer_Unlimited,subscription,348,24,N,N,N,348,active,5,,1740,10858.0
CUST100340,2025-11-11,paid_social,meta,HK_RoamingPass_Asia_Q4_2025,Roaming_TravellersGoldenWeek_HK,RoamingPass_Asia_Video_v1_Canto,35-44,male,Yuen Long,Cantonese,Roaming_Pass_7d,one-off,168,0,N,N,N,168,completed,0,,168,235.0
CUST100341,2025-11-11,paid_social,meta,HK_RoamingPass_Asia_Q4_2025,Roaming_TravellersGoldenWeek_HK,RoamingPass_Asia_Video_v1_Canto,35-44,female,Tuen Mun,Cantonese,Roaming_Pass_7d,one-off,168,0,N,N,N,168,completed,0,,168,235.0
CUST100342,2025-11-02,paid_social,meta,HK_RoamingPass_Asia_Q4_2025,Roaming_TravellersGoldenWeek_HK,RoamingPass_Asia_Video_v1_Canto,25-34,male,Southern,Mandarin,Roaming_Pass_14d,one-off,248,0,N,N,N,248,completed,0,,248,347.0
CUST100343,2025-11-03,paid_social,meta,HK_RoamingPass_Asia_Q4_2025,Roaming_TravellersGoldenWeek_HK,RoamingPass_Asia_Video_v1_Canto,35-44,male,Tsuen Wan,Cantonese,Roaming_Pass_14d,one-off,248,0,N,N,N,248,completed,0,,248,347.0
CUST100344,2025-11-06,paid_social,meta,HK_RoamingPass_Asia_Q4_2025,Roaming_TravellersGoldenWeek_HK,RoamingPass_Asia_Video_v1_Canto,25-34,male,Kwai Tsing,Cantonese,Roaming_Pass_7d,one-off,168,0,N,N,N,168,completed,0,,168,235.0
CUST100345,2025-11-02,paid_social,meta,HK_RoamingPass_Asia_Q4_2025,Roaming_TravellersGoldenWeek_HK,RoamingPass_Asia_Video_v1_Canto,25-34,female,Yuen Long,Cantonese,Roaming_Pass_14d,one-off,248,0,N,N,N,248,completed,0,,248,347.0
CUST100346,2025-11-13,paid_social,meta,HK_RoamingPass_Asia_Q4_2025,Roaming_TravellersGoldenWeek_HK,RoamingPass_Asia_Video_v1_Canto,45-54,male,Wong Tai Sin,Cantonese,Roaming_Pass_14d,one-off,248,0,N,N,N,248,completed,0,,248,347.0
CUST100347,2025-11-01,paid_social,meta,HK_RoamingPass_Asia_Q4_2025,Roaming_TravellersGoldenWeek_HK,RoamingPass_Asia_Video_v1_Canto,45-54,male,Yuen Long,Cantonese,Roaming_Pass_14d,one-off,248,0,N,N,N,248,completed,0,,248,347.0
CUST100348,2025-11-02,paid_social,meta,HK_RoamingPass_Asia_Q4_2025,Roaming_TravellersGoldenWeek_HK,RoamingPass_Asia_Video_v1_Canto,35-44,female,Kwai Tsing,Cantonese,Roaming_Pass_14d,one-off,248,0,N,N,N,248,completed,0,,248,347.0
CUST100349,2025-11-13,paid_social,meta,HK_RoamingPass_Asia_Q4_2025,Roaming_TravellersGoldenWeek_HK,RoamingPass_Asia_Video_v1_Canto,25-34,female,Tsuen Wan,Cantonese,Roaming_Pass_7d,one-off,168,0,N,N,N,168,completed,0,,168,235.0
CUST100350,2025-11-13,paid_social,meta,HK_RoamingPass_Asia_Q4_2025,Roaming_TravellersGoldenWeek_HK,RoamingPass_Asia_Video_v1_Canto,25-34,female,Wan Chai,Cantonese,Roaming_Pass_7d,one-off,168,0,N,N,N,168,completed,0,,168,235.0
CUST100351,2025-11-02,paid_social,meta,HK_RoamingPass_Asia_Q4_2025,Roaming_TravellersGoldenWeek_HK,RoamingPass_Asia_Video_v1_Canto,25-34,male,Wong Tai Sin,Cantonese,Roaming_Pass_7d,one-off,168,0,N,N,N,168,completed,0,,168,235.0
CUST100352,2025-11-04,paid_social,meta,HK_RoamingPass_Asia_Q4_2025,Roaming_TravellersGoldenWeek_HK,RoamingPass_Asia_Video_v1_Canto,55-64,male,Sham Shui Po,Cantonese,Roaming_Pass_7d,one-off,168,0,N,N,N,168,completed,0,,168,235.0
CUST100353,2025-11-07,paid_social,meta,HK_RoamingPass_Asia_Q4_2025,Roaming_TravellersGoldenWeek_HK,RoamingPass_Asia_Video_v1_Canto,55-64,female,Yuen Long,Cantonese,Roaming_Pass_7d,one-off,168,0,N,N,N,168,completed,0,,168,235.0
CUST100354,2025-11-07,paid_social,meta,HK_RoamingPass_Asia_Q4_2025,Roaming_TravellersGoldenWeek_HK,RoamingPass_Asia_Video_v1_Canto,45-54,male,Tsuen Wan,English,Roaming_Pass_7d,one-off,168,0,N,N,N,168,completed,0,,168,235.0
CUST100355,2025-11-11,paid_social,meta,HK_RoamingPass_Asia_Q4_2025,Roaming_TravellersGoldenWeek_HK,RoamingPass_Asia_Video_v1_Canto,25-34,female,Kowloon City,Cantonese,Roaming_Pass_7d,one-off,168,0,N,N,N,168,completed,0,,168,235.0
CUST100356,2025-11-13,paid_social,meta,HK_RoamingPass_Asia_Q4_2025,Roaming_TravellersGoldenWeek_HK,RoamingPass_Asia_Video_v1_Canto,45-54,female,Kowloon City,English,Roaming_Pass_7d,one-off,168,0,N,N,N,168,completed,0,,168,235.0
CUST100357,2025-11-13,paid_social,meta,HK_RoamingPass_Asia_Q4_2025,Roaming_TravellersGoldenWeek_HK,RoamingPass_Asia_Video_v1_Canto,55-64,male,Central & Western,Cantonese,Roaming_Pass_14d,one-off,248,0,N,N,N,248,completed,0,,248,347.0
CUST100358,2025-11-01,paid_social,meta,HK_RoamingPass_Asia_Q4_2025,Roaming_TravellersGoldenWeek_HK,RoamingPass_Asia_Video_v1_Canto,35-44,male,Sham Shui Po,Cantonese,Roaming_Pass_14d,one-off,248,0,N,N,N,248,completed,0,,248,347.0
CUST100359,2025-11-06,paid_social,meta,HK_RoamingPass_Asia_Q4_2025,Roaming_TravellersGoldenWeek_HK,RoamingPass_Asia_Video_v1_Canto,25-34,female,Central & Western,English,Roaming_Pass_7d,one-off,168,0,N,N,N,168,completed,0,,168,235.0
CUST100360,2025-11-02,paid_social,meta,HK_RoamingPass_Asia_Q4_2025,Roaming_TravellersGoldenWeek_HK,RoamingPass_Asia_Video_v1_Canto,45-54,female,Eastern,Mandarin,Roaming_Pass_7d,one-off,168,0,N,N,N,168,completed,0,,168,235.0
CUST100361,2025-11-08,paid_social,meta,HK_RoamingPass_Asia_Q4_2025,Roaming_TravellersGoldenWeek_HK,RoamingPass_Asia_Video_v1_Canto,55-64,male,Kowloon City,Cantonese,Roaming_Pass_14d,one-off,248,0,N,N,N,248,completed,0,,248,347.0
CUST100362,2025-11-04,paid_social,meta,HK_RoamingPass_Asia_Q4_2025,Roaming_TravellersGoldenWeek_HK,RoamingPass_Asia_Video_v1_Canto,55-64,male,Yuen Long,Cantonese,Roaming_Pass_14d,one-off,248,0,N,N,N,248,completed,0,,248,347.0
CUST100363,2025-11-07,paid_social,meta,HK_RoamingPass_Asia_Q4_2025,Roaming_TravellersGoldenWeek_HK,RoamingPass_Asia_Video_v1_Canto,25-34,female,Eastern,Cantonese,Roaming_Pass_7d,one-off,168,0,N,N,Y,168,repeat_purchase,1,,336,403.0
CUST100364,2025-11-10,paid_social,meta,HK_RoamingPass_Asia_Q4_2025,Roaming_TravellersGoldenWeek_HK,RoamingPass_Asia_Video_v1_Canto,25-34,female,Kowloon City,Cantonese,Roaming_Pass_7d,one-off,168,0,N,N,N,168,completed,0,,168,235.0
CUST100365,2025-11-06,paid_social,meta,HK_RoamingPass_Asia_Q4_2025,Roaming_TravellersGoldenWeek_HK,RoamingPass_Asia_Video_v1_Canto,25-34,male,Tai Po,Cantonese,Roaming_Pass_7d,one-off,168,0,N,N,N,168,completed,0,,168,235.0
CUST100366,2025-11-11,paid_social,meta,HK_RoamingPass_Asia_Q4_2025,Roaming_TravellersGoldenWeek_HK,RoamingPass_Asia_Video_v1_Canto,55-64,male,Sham Shui Po,Cantonese,Roaming_Pass_14d,one-off,248,0,N,N,N,248,completed,0,,248,347.0
CUST100367,2025-11-12,paid_social,meta,HK_RoamingPass_Asia_Q4_2025,Roaming_TravellersGoldenWeek_HK,RoamingPass_Asia_Video_v1_Canto,45-54,female,Southern,Mandarin,Roaming_Pass_14d,one-off,248,0,N,N,N,248,completed,0,,248,347.0
CUST100368,2025-11-02,paid_social,meta,HK_RoamingPass_Asia_Q4_2025,Roaming_TravellersGoldenWeek_HK,RoamingPass_Asia_Video_v1_Canto,45-54,male,Wong Tai Sin,Cantonese,Roaming_Pass_14d,one-off,248,0,N,N,N,248,completed,0,,248,347.0
CUST100369,2025-11-01,paid_social,meta,HK_RoamingPass_Asia_Q4_2025,Roaming_TravellersGoldenWeek_HK,RoamingPass_Asia_Video_v1_Canto,55-64,female,Wan Chai,Cantonese,Roaming_Pass_7d,one-off,168,0,N,N,Y,168,completed,0,,168,235.0
CUST100370,2025-11-04,paid_social,meta,HK_RoamingPass_Asia_Q4_2025,Roaming_TravellersGoldenWeek_HK,RoamingPass_Asia_Video_v1_Canto,25-34,male,Yau Tsim Mong,Cantonese,Roaming_Pass_14d,one-off,248,0,N,N,N,248,completed,0,,248,347.0
CUST100371,2025-11-02,paid_social,meta,HK_RoamingPass_Asia_Q4_2025,Roaming_TravellersGoldenWeek_HK,RoamingPass_Asia_Video_v1_Canto,45-54,female,Sham Shui Po,Cantonese,Roaming_Pass_14d,one-off,248,0,N,N,N,248,completed,0,,248,347.0
CUST100372,2025-11-09,paid_social,meta,HK_RoamingPass_Asia_Q4_2025,Roaming_TravellersGoldenWeek_HK,RoamingPass_Asia_Video_v1_Canto,45-54,male,Central & Western,Cantonese,Roaming_Pass_14d,one-off,248,0,N,N,Y,248,completed,0,,248,347.0
CUST100373,2025-11-09,paid_social,meta,HK_RoamingPass_Asia_Q4_2025,Roaming_TravellersGoldenWeek_HK,RoamingPass_Asia_Video_v1_Canto,35-44,male,Islands,Cantonese,Roaming_Pass_7d,one-off,168,0,N,N,N,168,completed,0,,168,235.0
CUST100374,2025-11-11,paid_social,meta,HK_RoamingPass_Asia_Q4_2025,Roaming_TravellersGoldenWeek_HK,RoamingPass_Asia_Video_v1_Canto,45-54,female,Kowloon City,English,Roaming_Pass_7d,one-off,168,0,N,N,N,168,completed,0,,168,235.0
CUST100375,2025-11-10,paid_social,meta,HK_RoamingPass_Asia_Q4_2025,Roaming_TravellersGoldenWeek_HK,RoamingPass_Asia_Video_v1_Canto,35-44,female,Wong Tai Sin,English,Roaming_Pass_14d,one-off,248,0,N,N,N,248,completed,0,,248,347.0
CUST100376,2025-11-02,paid_social,meta,HK_RoamingPass_Asia_Q4_2025,Roaming_TravellersGoldenWeek_HK,RoamingPass_Asia_Video_v1_Canto,25-34,female,Tsuen Wan,English,Roaming_Pass_7d,one-off,168,0,N,N,N,168,repeat_purchase,1,,336,403.0
CUST100377,2025-11-02,paid_social,meta,HK_RoamingPass_Asia_Q4_2025,Roaming_TravellersGoldenWeek_HK,RoamingPass_Asia_Video_v1_Canto,35-44,male,Tai Po,Mandarin,Roaming_Pass_7d,one-off,168,0,N,N,N,168,completed,0,,168,235.0
CUST100378,2025-11-10,paid_social,meta,HK_RoamingPass_Asia_Q4_2025,Roaming_TravellersGoldenWeek_HK,RoamingPass_Asia_Video_v1_Canto,55-64,male,Wan Chai,English,Roaming_Pass_7d,one-off,168,0,N,N,N,168,repeat_purchase,1,,336,403.0
CUST100379,2025-11-11,paid_social,meta,HK_RoamingPass_Asia_Q4_2025,Roaming_TravellersGoldenWeek_HK,RoamingPass_Asia_Video_v1_Canto,55-64,male,Kwai Tsing,Cantonese,Roaming_Pass_7d,one-off,168,0,N,N,N,168,completed,0,,168,235.0
CUST100380,2025-11-05,paid_social,meta,HK_RoamingPass_Asia_Q4_2025,Roaming_TravellersGoldenWeek_HK,RoamingPass_Asia_Video_v1_Canto,45-54,female,Tai Po,Cantonese,Roaming_Pass_14d,one-off,248,0,N,N,N,248,completed,0,,248,347.0
CUST100381,2025-11-11,paid_social,meta,HK_RoamingPass_Asia_Q4_2025,Roaming_TravellersGoldenWeek_HK,RoamingPass_Asia_Video_v1_Canto,45-54,male,Wong Tai Sin,Cantonese,Roaming_Pass_14d,one-off,248,0,N,N,N,248,completed,0,,248,347.0
CUST100382,2025-11-06,paid_social,meta,HK_RoamingPass_Asia_Q4_2025,Roaming_TravellersGoldenWeek_HK,RoamingPass_Asia_Video_v1_Canto,45-54,male,Wong Tai Sin,English,Roaming_Pass_7d,one-off,168,0,N,N,Y,168,completed,0,,168,235.0
CUST100383,2025-11-09,paid_social,meta,HK_RoamingPass_Asia_Q4_2025,Roaming_TravellersGoldenWeek_HK,RoamingPass_Asia_Video_v1_Canto,25-34,male,Tuen Mun,Cantonese,Roaming_Pass_7d,one-off,168,0,N,N,N,168,completed,0,,168,235.0
CUST100384,2025-11-08,paid_social,meta,HK_RoamingPass_Asia_Q4_2025,Roaming_TravellersGoldenWeek_HK,RoamingPass_Asia_Video_v1_Canto,35-44,male,North,Mandarin,Roaming_Pass_7d,one-off,168,0,N,N,N,168,completed,0,,168,235.0
CUST100385,2025-11-13,paid_social,meta,HK_RoamingPass_Asia_Q4_2025,Roaming_TravellersGoldenWeek_HK,RoamingPass_Asia_Video_v1_Canto,25-34,female,Central & Western,English,Roaming_Pass_14d,one-off,248,0,N,N,N,248,completed,0,,248,347.0
CUST100386,2025-11-02,paid_social,meta,HK_RoamingPass_Asia_Q4_2025,Roaming_TravellersGoldenWeek_HK,RoamingPass_Asia_Video_v1_Canto,25-34,female,Kwai Tsing,English,Roaming_Pass_14d,one-off,248,0,N,N,N,248,completed,0,,248,347.0
CUST100387,2025-11-05,paid_social,meta,HK_RoamingPass_Asia_Q4_2025,Roaming_TravellersGoldenWeek_HK,RoamingPass_Asia_Video_v1_Canto,25-34,male,Yau Tsim Mong,English,Roaming_Pass_14d,one-off,248,0,N,N,N,248,completed,0,,248,347.0
CUST100388,2025-11-12,paid_social,meta,HK_RoamingPass_Asia_Q4_2025,Roaming_TravellersGoldenWeek_HK,RoamingPass_Asia_Video_v1_Canto,25-34,male,Eastern,Cantonese,Roaming_Pass_7d,one-off,168,0,N,N,Y,168,repeat_purchase,1,,336,403.0
CUST100389,2025-11-08,paid_social,meta,HK_RoamingPass_Asia_Q4_2025,Roaming_TravellersGoldenWeek_HK,RoamingPass_Asia_Video_v1_Canto,35-44,male,Southern,Cantonese,Roaming_Pass_7d,one-off,168,0,N,N,N,168,completed,0,,168,235.0
CUST100390,2025-11-12,paid_social,meta,HK_RoamingPass_Asia_Q4_2025,Roaming_TravellersGoldenWeek_HK,RoamingPass_Asia_Video_v1_Canto,35-44,male,Tai Po,Cantonese,Roaming_Pass_14d,one-off,248,0,N,N,N,248,completed,0,,248,347.0
CUST100391,2025-11-01,paid_social,meta,HK_RoamingPass_Asia_Q4_2025,Roaming_TravellersGoldenWeek_HK,RoamingPass_Asia_Video_v1_Canto,45-54,female,Tsuen Wan,Cantonese,Roaming_Pass_7d,one-off,168,0,N,N,N,168,repeat_purchase,1,,336,403.0
CUST100392,2025-11-04,paid_social,meta,HK_RoamingPass_Asia_Q4_2025,Roaming_TravellersGoldenWeek_HK,RoamingPass_Asia_Video_v1_Canto,25-34,male,Sham Shui Po,Cantonese,Roaming_Pass_7d,one-off,168,0,N,N,N,168,completed,0,,168,235.0
CUST100393,2025-11-14,paid_social,meta,HK_RoamingPass_Asia_Q4_2025,Roaming_TravellersGoldenWeek_HK,RoamingPass_Asia_Video_v1_Canto,35-44,male,Kwai Tsing,Cantonese,Roaming_Pass_14d,one-off,248,0,N,N,Y,248,completed,0,,248,347.0
CUST100394,2025-11-03,paid_social,meta,HK_RoamingPass_Asia_Q4_2025,Roaming_TravellersGoldenWeek_HK,RoamingPass_Asia_Video_v1_Canto,35-44,female,Kwun Tong,Cantonese,Roaming_Pass_14d,one-off,248,0,N,N,N,248,completed,0,,248,347.0
CUST100395,2025-11-11,paid_social,meta,HK_RoamingPass_Asia_Q4_2025,Roaming_TravellersGoldenWeek_HK,RoamingPass_Asia_Video_v1_Canto,25-34,male,Central & Western,Cantonese,Roaming_Pass_7d,one-off,168,0,N,N,N,168,completed,0,,168,235.0
CUST100396,2025-11-04,paid_social,meta,HK_RoamingPass_Asia_Q4_2025,Roaming_TravellersGoldenWeek_HK,RoamingPass_Asia_Video_v1_Canto,45-54,female,Central & Western,Cantonese,Roaming_Pass_14d,one-off,248,0,N,N,N,248,completed,0,,248,347.0
CUST100397,2025-11-14,paid_social,meta,HK_RoamingPass_Asia_Q4_2025,Roaming_TravellersGoldenWeek_HK,RoamingPass_Asia_Video_v1_Canto,25-34,female,Tai Po,Cantonese,Roaming_Pass_7d,one-off,168,0,N,N,N,168,completed,0,,168,235.0
CUST100398,2025-11-07,paid_social,meta,HK_RoamingPass_Asia_Q4_2025,Roaming_TravellersGoldenWeek_HK,RoamingPass_Asia_Video_v1_Canto,35-44,female,Wan Chai,Cantonese,Roaming_Pass_7d,one-off,168,0,N,N,N,168,repeat_purchase,1,,336,403.0
CUST100399,2025-11-06,paid_social,meta,HK_RoamingPass_Asia_Q4_2025,Roaming_TravellersGoldenWeek_HK,RoamingPass_Asia_Video_v1_Canto,25-34,female,Wong Tai Sin,Cantonese,Roaming_Pass_7d,one-off,168,0,N,N,Y,168,completed,0,,168,235.0
CUST100400,2025-11-10,paid_social,meta,HK_RoamingPass_Asia_Q4_2025,Roaming_TravellersGoldenWeek_HK,RoamingPass_Asia_Video_v1_Canto,55-64,male,North,Cantonese,Roaming_Pass_14d,one-off,248,0,N,N,Y,248,completed,0,,248,347.0
CUST100401,2025-11-03,paid_social,meta,HK_RoamingPass_Asia_Q4_2025,Roaming_TravellersGoldenWeek_HK,RoamingPass_Asia_Video_v1_Canto,35-44,female,Tai Po,English,Roaming_Pass_7d,one-off,168,0,N,N,N,168,completed,0,,168,235.0
CUST100402,2025-11-13,paid_social,meta,HK_RoamingPass_Asia_Q4_2025,Roaming_TravellersGoldenWeek_HK,RoamingPass_Asia_Video_v1_Canto,35-44,female,Sha Tin,Cantonese,Roaming_Pass_7d,one-off,168,0,N,N,Y,168,completed,0,,168,235.0
CUST100403,2025-11-01,paid_social,meta,HK_RoamingPass_Asia_Q4_2025,Roaming_TravellersGoldenWeek_HK,RoamingPass_Asia_Video_v1_Canto,45-54,male,Wan Chai,Cantonese,Roaming_Pass_7d,one-off,168,0,N,N,N,168,completed,0,,168,235.0
CUST100404,2025-11-08,paid_social,meta,HK_RoamingPass_Asia_Q4_2025,Roaming_TravellersGoldenWeek_HK,RoamingPass_Asia_Video_v1_Canto,25-34,female,Tsuen Wan,English,Roaming_Pass_14d,one-off,248,0,N,N,N,248,completed,0,,248,347.0
CUST100405,2025-11-06,paid_social,meta,HK_RoamingPass_Asia_Q4_2025,Roaming_TravellersGoldenWeek_HK,RoamingPass_Asia_Video_v1_Canto,35-44,male,Eastern,Cantonese,Roaming_Pass_14d,one-off,248,0,N,N,N,248,completed,0,,248,347.0
CUST100406,2025-11-05,paid_social,meta,HK_RoamingPass_Asia_Q4_2025,Roaming_TravellersGoldenWeek_HK,RoamingPass_Asia_Video_v1_Canto,25-34,female,Eastern,Cantonese,Roaming_Pass_7d,one-off,168,0,N,N,N,168,completed,0,,168,235.0
CUST100407,2025-11-01,paid_social,meta,HK_RoamingPass_Asia_Q4_2025,Roaming_TravellersGoldenWeek_HK,RoamingPass_Asia_Video_v1_Canto,35-44,female,Sha Tin,English,Roaming_Pass_7d,one-off,168,0,N,N,N,168,completed,0,,168,235.0
CUST100408,2025-11-04,paid_social,meta,HK_RoamingPass_Asia_Q4_2025,Roaming_TravellersGoldenWeek_HK,RoamingPass_Asia_Video_v1_Canto,35-44,female,Tsuen Wan,Cantonese,Roaming_Pass_7d,one-off,168,0,N,N,N,168,completed,0,,168,235.0
CUST100409,2025-11-07,paid_social,meta,HK_RoamingPass_Asia_Q4_2025,Roaming_TravellersGoldenWeek_HK,RoamingPass_Asia_Video_v1_Canto,25-34,female,Central & Western,Cantonese,Roaming_Pass_14d,one-off,248,0,N,N,N,248,completed,0,,248,347.0
CUST100410,2025-11-10,paid_social,meta,HK_RoamingPass_Asia_Q4_2025,Roaming_TravellersGoldenWeek_HK,RoamingPass_Asia_Video_v1_Canto,35-44,male,Islands,Cantonese,Roaming_Pass_7d,one-off,168,0,N,N,N,168,completed,0,,168,235.0
CUST100411,2025-11-03,paid_social,meta,HK_RoamingPass_Asia_Q4_2025,Roaming_TravellersGoldenWeek_HK,RoamingPass_Asia_Video_v1_Canto,55-64,female,Wan Chai,Cantonese,Roaming_Pass_14d,one-off,248,0,N,N,N,248,completed,0,,248,347.0
CUST100412,2025-11-02,paid_social,meta,HK_RoamingPass_Asia_Q4_2025,Roaming_TravellersGoldenWeek_HK,RoamingPass_Asia_Video_v1_Canto,35-44,female,Kwun Tong,Mandarin,Roaming_Pass_7d,one-off,168,0,N,N,N,168,completed,0,,168,235.0
CUST100413,2025-11-02,paid_social,meta,HK_RoamingPass_Asia_Q4_2025,Roaming_TravellersGoldenWeek_HK,RoamingPass_Asia_Video_v1_Canto,55-64,female,Eastern,Cantonese,Roaming_Pass_7d,one-off,168,0,N,N,N,168,completed,0,,168,235.0
CUST100414,2025-11-14,paid_social,meta,HK_RoamingPass_Asia_Q4_2025,Roaming_TravellersGoldenWeek_HK,RoamingPass_Asia_Video_v1_Canto,25-34,female,Sai Kung,Cantonese,Roaming_Pass_7d,one-off,168,0,N,N,N,168,completed,0,,168,235.0
CUST100415,2025-11-08,paid_social,meta,HK_RoamingPass_Asia_Q4_2025,Roaming_TravellersGoldenWeek_HK,RoamingPass_Asia_Video_v1_Canto,35-44,male,Kwun Tong,Cantonese,Roaming_Pass_14d,one-off,248,0,N,N,N,248,completed,0,,248,347.0
CUST100416,2025-11-12,paid_social,meta,HK_RoamingPass_Asia_Q4_2025,Roaming_TravellersGoldenWeek_HK,RoamingPass_Asia_Video_v1_Canto,35-44,female,Eastern,English,Roaming_Pass_14d,one-off,248,0,N,N,N,248,repeat_purchase,1,,496,595.0
CUST100417,2025-11-11,paid_social,meta,HK_RoamingPass_Asia_Q4_2025,Roaming_TravellersGoldenWeek_HK,RoamingPass_Asia_Video_v1_Canto,35-44,male,Tsuen Wan,English,Roaming_Pass_7d,one-off,168,0,N,N,N,168,completed,0,,168,235.0
CUST100418,2025-11-11,paid_social,meta,HK_RoamingPass_Asia_Q4_2025,Roaming_TravellersGoldenWeek_HK,RoamingPass_Asia_Video_v1_Canto,35-44,female,Eastern,Mandarin,Roaming_Pass_14d,one-off,248,0,N,N,N,248,completed,0,,248,347.0
CUST100419,2025-11-07,paid_social,meta,HK_RoamingPass_Asia_Q4_2025,Roaming_TravellersGoldenWeek_HK,RoamingPass_Asia_Video_v1_Canto,25-34,male,Tuen Mun,Cantonese,Roaming_Pass_7d,one-off,168,0,N,N,N,168,completed,0,,168,235.0
CUST100420,2025-11-06,paid_social,meta,HK_RoamingPass_Asia_Q4_2025,Roaming_TravellersGoldenWeek_HK,RoamingPass_Asia_Video_v1_Canto,25-34,female,Sai Kung,Cantonese,Roaming_Pass_7d,one-off,168,0,N,N,N,168,completed,0,,168,235.0
CUST100421,2025-11-07,paid_social,meta,HK_RoamingPass_Asia_Q4_2025,Roaming_TravellersGoldenWeek_HK,RoamingPass_Asia_Video_v1_Canto,35-44,female,Tuen Mun,Cantonese,Roaming_Pass_7d,one-off,168,0,N,N,N,168,completed,0,,168,235.0
CUST100422,2025-11-06,paid_social,meta,HK_RoamingPass_Asia_Q4_2025,Roaming_TravellersGoldenWeek_HK,RoamingPass_Asia_Video_v1_Canto,35-44,female,Southern,Mandarin,Roaming_Pass_7d,one-off,168,0,N,N,N,168,completed,0,,168,235.0
CUST100423,2025-11-14,paid_social,meta,HK_RoamingPass_Asia_Q4_2025,Roaming_TravellersGoldenWeek_HK,RoamingPass_Asia_Video_v1_Canto,25-34,female,Kwai Tsing,Cantonese,Roaming_Pass_7d,one-off,168,0,N,N,N,168,completed,0,,168,235.0
CUST100424,2025-11-02,paid_social,meta,HK_RoamingPass_Asia_Q4_2025,Roaming_TravellersGoldenWeek_HK,RoamingPass_Asia_Video_v1_Canto,45-54,male,Central & Western,Cantonese,Roaming_Pass_7d,one-off,168,0,N,N,N,168,completed,0,,168,235.0
CUST100425,2025-11-09,paid_social,meta,HK_RoamingPass_Asia_Q4_2025,Roaming_TravellersGoldenWeek_HK,RoamingPass_Asia_Video_v1_Canto,25-34,female,Wong Tai Sin,Cantonese,Roaming_Pass_7d,one-off,168,0,N,N,N,168,completed,0,,168,235.0
CUST100426,2025-11-05,paid_social,meta,HK_RoamingPass_Asia_Q4_2025,Roaming_TravellersGoldenWeek_HK,RoamingPass_Asia_Video_v1_Canto,45-54,female,Eastern,Mandarin,Roaming_Pass_14d,one-off,248,0,N,N,N,248,completed,0,,248,347.0
CUST100427,2025-11-06,paid_social,meta,HK_RoamingPass_Asia_Q4_2025,Roaming_TravellersGoldenWeek_HK,RoamingPass_Asia_Video_v1_Canto,35-44,female,Tsuen Wan,Cantonese,Roaming_Pass_7d,one-off,168,0,N,N,N,168,repeat_purchase,1,,336,403.0
CUST100428,2025-11-03,paid_social,meta,HK_RoamingPass_Asia_Q4_2025,Roaming_TravellersGoldenWeek_HK,RoamingPass_Asia_Video_v1_Canto,25-34,female,Tsuen Wan,Cantonese,Roaming_Pass_7d,one-off,168,0,N,N,N,168,completed,0,,168,235.0
CUST100429,2025-11-04,paid_social,meta,HK_RoamingPass_Asia_Q4_2025,Roaming_TravellersGoldenWeek_HK,RoamingPass_Asia_Video_v1_Canto,55-64,male,North,Cantonese,Roaming_Pass_7d,one-off,168,0,N,N,N,168,completed,0,,168,235.0
CUST100430,2025-11-04,paid_social,meta,HK_RoamingPass_Asia_Q4_2025,Roaming_TravellersGoldenWeek_HK,RoamingPass_Asia_Video_v1_Canto,25-34,female,Kowloon City,English,Roaming_Pass_7d,one-off,168,0,N,N,N,168,completed,0,,168,235.0
CUST100431,2025-11-08,paid_social,meta,HK_RoamingPass_Asia_Q4_2025,Roaming_TravellersGoldenWeek_HK,RoamingPass_Asia_Video_v1_Canto,25-34,female,Yau Tsim Mong,Cantonese,Roaming_Pass_14d,one-off,248,0,N,N,N,248,completed,0,,248,347.0
CUST100432,2025-11-04,paid_social,meta,HK_RoamingPass_Asia_Q4_2025,Roaming_TravellersGoldenWeek_HK,RoamingPass_Asia_Video_v1_Canto,35-44,female,Sai Kung,Cantonese,Roaming_Pass_7d,one-off,168,0,N,N,N,168,completed,0,,168,235.0
CUST100433,2025-11-01,paid_social,meta,HK_RoamingPass_Asia_Q4_2025,Roaming_TravellersGoldenWeek_HK,RoamingPass_Asia_Video_v1_Canto,25-34,female,Tai Po,Cantonese,Roaming_Pass_7d,one-off,168,0,N,N,N,168,completed,0,,168,235.0
CUST100434,2025-11-04,paid_social,meta,HK_RoamingPass_Asia_Q4_2025,Roaming_TravellersGoldenWeek_HK,RoamingPass_Asia_Video_v1_Canto,55-64,male,Wong Tai Sin,Cantonese,Roaming_Pass_14d,one-off,248,0,N,N,N,248,completed,0,,248,347.0
CUST100435,2025-11-12,paid_social,meta,HK_RoamingPass_Asia_Q4_2025,Roaming_TravellersGoldenWeek_HK,RoamingPass_Asia_Video_v1_Canto,55-64,male,Sai Kung,English,Roaming_Pass_14d,one-off,248,0,N,N,N,248,repeat_purchase,1,,496,595.0
CUST100436,2025-11-10,paid_social,meta,HK_RoamingPass_Asia_Q4_2025,Roaming_TravellersGoldenWeek_HK,RoamingPass_Asia_Video_v1_Canto,25-34,female,Wong Tai Sin,Cantonese,Roaming_Pass_7d,one-off,168,0,N,N,N,168,completed,0,,168,235.0
CUST100437,2025-11-02,paid_social,meta,HK_RoamingPass_Asia_Q4_2025,Roaming_TravellersGoldenWeek_HK,RoamingPass_Asia_Video_v1_Canto,45-54,male,Eastern,Cantonese,Roaming_Pass_14d,one-off,248,0,N,N,N,248,repeat_purchase,1,,496,595.0
CUST100438,2025-11-07,paid_social,meta,HK_RoamingPass_Asia_Q4_2025,Roaming_TravellersGoldenWeek_HK,RoamingPass_Asia_Video_v1_Canto,25-34,male,Sha Tin,Mandarin,Roaming_Pass_7d,one-off,168,0,N,N,N,168,completed,0,,168,235.0
CUST100439,2025-11-12,paid_social,meta,HK_RoamingPass_Asia_Q4_2025,Roaming_TravellersGoldenWeek_HK,RoamingPass_Asia_Video_v1_Canto,35-44,male,Southern,English,Roaming_Pass_7d,one-off,168,0,N,N,N,168,repeat_purchase,1,,336,403.0
CUST100440,2025-11-05,paid_social,meta,HK_RoamingPass_Asia_Q4_2025,Roaming_TravellersGoldenWeek_HK,RoamingPass_Asia_Video_v1_Canto,45-54,male,Wan Chai,Cantonese,Roaming_Pass_7d,one-off,168,0,N,N,Y,168,repeat_purchase,1,,336,403.0
CUST100441,2025-11-13,paid_social,meta,HK_RoamingPass_Asia_Q4_2025,Roaming_TravellersGoldenWeek_HK,RoamingPass_Asia_Video_v1_Canto,35-44,female,Southern,English,Roaming_Pass_14d,one-off,248,0,N,N,N,248,completed,0,,248,347.0
CUST100442,2025-11-01,paid_social,meta,HK_RoamingPass_Asia_Q4_2025,Roaming_TravellersGoldenWeek_HK,RoamingPass_Asia_Video_v1_Canto,45-54,female,Tsuen Wan,Cantonese,Roaming_Pass_7d,one-off,168,0,N,N,N,168,completed,0,,168,235.0
CUST100443,2025-11-14,paid_social,meta,HK_RoamingPass_Asia_Q4_2025,Roaming_TravellersGoldenWeek_HK,RoamingPass_Asia_Video_v1_Canto,25-34,female,Tuen Mun,Cantonese,Roaming_Pass_7d,one-off,168,0,N,N,N,168,completed,0,,168,235.0
CUST100444,2025-11-09,paid_social,meta,HK_RoamingPass_Asia_Q4_2025,Roaming_TravellersGoldenWeek_HK,RoamingPass_Asia_Video_v1_Canto,25-34,male,Sham Shui Po,Cantonese,Roaming_Pass_7d,one-off,168,0,N,N,N,168,completed,0,,168,235.0
CUST100445,2025-11-08,paid_social,meta,HK_RoamingPass_Asia_Q4_2025,Roaming_TravellersGoldenWeek_HK,RoamingPass_Asia_Video_v1_Canto,25-34,male,Sha Tin,Cantonese,Roaming_Pass_7d,one-off,168,0,N,N,N,168,completed,0,,168,235.0
CUST100446,2025-11-06,paid_social,meta,HK_RoamingPass_Asia_Q4_2025,Roaming_TravellersGoldenWeek_HK,RoamingPass_Asia_Video_v1_Canto,25-34,female,Tsuen Wan,Cantonese,Roaming_Pass_14d,one-off,248,0,N,N,N,248,completed,0,,248,347.0
CUST100447,2025-11-14,paid_social,meta,HK_RoamingPass_Asia_Q4_2025,Roaming_TravellersGoldenWeek_HK,RoamingPass_Asia_Video_v1_Canto,25-34,female,Tuen Mun,Cantonese,Roaming_Pass_7d,one-off,168,0,N,N,N,168,completed,0,,168,235.0
CUST100448,2025-11-10,paid_social,meta,HK_RoamingPass_Asia_Q4_2025,Roaming_TravellersGoldenWeek_HK,RoamingPass_Asia_Video_v1_Canto,25-34,male,Kwun Tong,Mandarin,Roaming_Pass_7d,one-off,168,0,N,N,N,168,completed,0,,168,235.0
CUST100449,2025-11-10,paid_social,meta,HK_RoamingPass_Asia_Q4_2025,Roaming_TravellersGoldenWeek_HK,RoamingPass_Asia_Video_v1_Canto,35-44,female,North,English,Roaming_Pass_7d,one-off,168,0,N,N,Y,168,completed,0,,168,235.0
CUST100450,2025-11-10,paid_social,meta,HK_RoamingPass_Asia_Q4_2025,Roaming_TravellersGoldenWeek_HK,RoamingPass_Asia_Video_v1_Canto,25-34,male,Sham Shui Po,English,Roaming_Pass_14d,one-off,248,0,N,N,N,248,completed,0,,248,347.0
CUST100451,2025-11-05,paid_social,meta,HK_RoamingPass_Asia_Q4_2025,Roaming_TravellersGoldenWeek_HK,RoamingPass_Asia_Video_v1_Canto,35-44,female,Islands,English,Roaming_Pass_7d,one-off,168,0,N,N,N,168,completed,0,,168,235.0
CUST100452,2025-11-01,paid_social,meta,HK_RoamingPass_Asia_Q4_2025,Roaming_TravellersGoldenWeek_HK,RoamingPass_Asia_Video_v1_Canto,45-54,male,Islands,English,Roaming_Pass_7d,one-off,168,0,N,N,N,168,repeat_purchase,1,,336,403.0
CUST100453,2025-11-14,paid_social,meta,HK_RoamingPass_Asia_Q4_2025,Roaming_TravellersGoldenWeek_HK,RoamingPass_Asia_Video_v1_Canto,55-64,male,Kowloon City,English,Roaming_Pass_14d,one-off,248,0,N,N,N,248,completed,0,,248,347.0
CUST100454,2025-11-02,paid_social,meta,HK_RoamingPass_Asia_Q4_2025,Roaming_TravellersGoldenWeek_HK,RoamingPass_Asia_Video_v1_Canto,35-44,female,Eastern,Cantonese,Roaming_Pass_7d,one-off,168,0,N,N,N,168,completed,0,,168,235.0
CUST100455,2025-11-01,paid_social,meta,HK_RoamingPass_Asia_Q4_2025,Roaming_TravellersGoldenWeek_HK,RoamingPass_Asia_Video_v1_Canto,35-44,female,Kwai Tsing,Cantonese,Roaming_Pass_7d,one-off,168,0,N,N,N,168,completed,0,,168,235.0
CUST100456,2025-11-10,paid_social,meta,HK_RoamingPass_Asia_Q4_2025,Roaming_TravellersGoldenWeek_HK,RoamingPass_Asia_Video_v1_Canto,45-54,male,Tuen Mun,Cantonese,Roaming_Pass_7d,one-off,168,0,N,N,N,168,repeat_purchase,1,,336,403.0
CUST100457,2025-11-10,paid_social,meta,HK_RoamingPass_Asia_Q4_2025,Roaming_TravellersGoldenWeek_HK,RoamingPass_Asia_Video_v1_Canto,45-54,female,Wong Tai Sin,Cantonese,Roaming_Pass_14d,one-off,248,0,N,N,N,248,completed,0,,248,347.0
CUST100458,2025-11-06,paid_social,meta,HK_RoamingPass_Asia_Q4_2025,Roaming_TravellersGoldenWeek_HK,RoamingPass_Asia_Video_v1_Canto,35-44,male,North,Cantonese,Roaming_Pass_14d,one-off,248,0,N,N,N,248,completed,0,,248,347.0
CUST100459,2025-11-02,paid_social,meta,HK_RoamingPass_Asia_Q4_2025,Roaming_TravellersGoldenWeek_HK,RoamingPass_Asia_Video_v1_Canto,25-34,female,Wan Chai,Cantonese,Roaming_Pass_7d,one-off,168,0,N,N,N,168,completed,0,,168,235.0
CUST100460,2025-11-12,paid_social,meta,HK_RoamingPass_Asia_Q4_2025,Roaming_TravellersGoldenWeek_HK,RoamingPass_Asia_Video_v1_Canto,35-44,male,Kwai Tsing,Mandarin,Roaming_Pass_7d,one-off,168,0,N,N,N,168,completed,0,,168,235.0
CUST100461,2025-11-03,paid_social,meta,HK_RoamingPass_Asia_Q4_2025,Roaming_TravellersGoldenWeek_HK,RoamingPass_Asia_Video_v1_Canto,45-54,female,Yuen Long,Mandarin,Roaming_Pass_7d,one-off,168,0,N,N,N,168,completed,0,,168,235.0
CUST100462,2025-11-13,paid_social,meta,HK_RoamingPass_Asia_Q4_2025,Roaming_TravellersGoldenWeek_HK,RoamingPass_Asia_Video_v1_Canto,25-34,male,Tuen Mun,Cantonese,Roaming_Pass_7d,one-off,168,0,N,N,N,168,repeat_purchase,1,,336,403.0
CUST100463,2025-11-09,paid_social,meta,HK_RoamingPass_Asia_Q4_2025,Roaming_TravellersGoldenWeek_HK,RoamingPass_Asia_Video_v1_Canto,35-44,male,Yau Tsim Mong,Cantonese,Roaming_Pass_7d,one-off,168,0,N,N,N,168,completed,0,,168,235.0
CUST100464,2025-11-11,paid_social,meta,HK_RoamingPass_Asia_Q4_2025,Roaming_TravellersGoldenWeek_HK,RoamingPass_Asia_Video_v1_Canto,25-34,female,Wong Tai Sin,Cantonese,Roaming_Pass_7d,one-off,168,0,N,N,N,168,completed,0,,168,235.0
CUST100465,2025-11-08,paid_social,meta,HK_RoamingPass_Asia_Q4_2025,Roaming_TravellersGoldenWeek_HK,RoamingPass_Asia_Video_v1_Canto,45-54,male,Wong Tai Sin,Cantonese,Roaming_Pass_7d,one-off,168,0,N,N,N,168,completed,0,,168,235.0
CUST100466,2025-11-14,paid_social,meta,HK_RoamingPass_Asia_Q4_2025,Roaming_TravellersGoldenWeek_HK,RoamingPass_Asia_Video_v1_Canto,35-44,male,Southern,English,Roaming_Pass_7d,one-off,168,0,N,N,N,168,completed,0,,168,235.0
CUST100467,2025-11-12,paid_social,meta,HK_RoamingPass_Asia_Q4_2025,Roaming_TravellersGoldenWeek_HK,RoamingPass_Asia_Video_v1_Canto,45-54,female,Central & Western,Cantonese,Roaming_Pass_7d,one-off,168,0,N,N,N,168,repeat_purchase,1,,336,403.0
CUST100468,2025-11-02,paid_social,meta,HK_RoamingPass_Asia_Q4_2025,Roaming_TravellersGoldenWeek_HK,RoamingPass_Asia_Video_v1_Canto,35-44,female,Kowloon City,Mandarin,Roaming_Pass_14d,one-off,248,0,N,N,N,248,completed,0,,248,347.0
CUST100469,2025-11-13,paid_social,meta,HK_RoamingPass_Asia_Q4_2025,Roaming_TravellersGoldenWeek_HK,RoamingPass_Asia_Video_v1_Canto,55-64,female,North,Cantonese,Roaming_Pass_14d,one-off,248,0,N,N,N,248,completed,0,,248,347.0
CUST100470,2025-11-04,paid_social,meta,HK_RoamingPass_Asia_Q4_2025,Roaming_TravellersGoldenWeek_HK,RoamingPass_Asia_Video_v1_Canto,25-34,male,Sham Shui Po,Cantonese,Roaming_Pass_7d,one-off,168,0,N,N,N,168,completed,0,,168,235.0
CUST100471,2025-11-13,paid_social,meta,HK_RoamingPass_Asia_Q4_2025,Roaming_TravellersGoldenWeek_HK,RoamingPass_Asia_Video_v1_Canto,35-44,male,Sha Tin,Cantonese,Roaming_Pass_14d,one-off,248,0,N,N,N,248,completed,0,,248,347.0
CUST100472,2025-11-03,paid_social,meta,HK_RoamingPass_Asia_Q4_2025,Roaming_TravellersGoldenWeek_HK,RoamingPass_Asia_Video_v1_Canto,35-44,female,Tuen Mun,English,Roaming_Pass_7d,one-off,168,0,N,N,N,168,completed,0,,168,235.0
CUST100473,2025-11-12,paid_social,meta,HK_RoamingPass_Asia_Q4_2025,Roaming_TravellersGoldenWeek_HK,RoamingPass_Asia_Video_v1_Canto,35-44,female,Sha Tin,Cantonese,Roaming_Pass_14d,one-off,248,0,N,N,Y,248,completed,0,,248,347.0
CUST100474,2025-11-11,paid_social,meta,HK_RoamingPass_Asia_Q4_2025,Roaming_TravellersGoldenWeek_HK,RoamingPass_Asia_Video_v1_Canto,35-44,female,Yau Tsim Mong,Cantonese,Roaming_Pass_7d,one-off,168,0,N,N,N,168,completed,0,,168,235.0
CUST100475,2025-11-07,paid_social,meta,HK_RoamingPass_Asia_Q4_2025,Roaming_TravellersGoldenWeek_HK,RoamingPass_Asia_Video_v1_Canto,35-44,male,Sham Shui Po,Cantonese,Roaming_Pass_14d,one-off,248,0,N,N,N,248,completed,0,,248,347.0
CUST100476,2025-11-03,paid_social,meta,HK_RoamingPass_Asia_Q4_2025,Roaming_TravellersGoldenWeek_HK,RoamingPass_Asia_Video_v1_Canto,25-34,male,Sha Tin,Cantonese,Roaming_Pass_7d,one-off,168,0,N,N,N,168,completed,0,,168,235.0
CUST100477,2025-11-09,paid_social,meta,HK_RoamingPass_Asia_Q4_2025,Roaming_TravellersGoldenWeek_HK,RoamingPass_Asia_Video_v1_Canto,35-44,female,Sha Tin,Cantonese,Roaming_Pass_14d,one-off,248,0,N,N,N,248,completed,0,,248,347.0
CUST100478,2025-11-10,paid_social,meta,HK_RoamingPass_Asia_Q4_2025,Roaming_TravellersGoldenWeek_HK,RoamingPass_Asia_Video_v1_Canto,45-54,female,Eastern,Cantonese,Roaming_Pass_7d,one-off,168,0,N,N,N,168,completed,0,,168,235.0
CUST100479,2025-11-09,paid_social,meta,HK_RoamingPass_Asia_Q4_2025,Roaming_TravellersGoldenWeek_HK,RoamingPass_Asia_Video_v1_Canto,45-54,female,Yuen Long,Cantonese,Roaming_Pass_7d,one-off,168,0,N,N,N,168,completed,0,,168,235.0
CUST100480,2025-11-01,paid_social,meta,HK_RoamingPass_Asia_Q4_2025,Roaming_TravellersGoldenWeek_HK,RoamingPass_Asia_Video_v1_Canto,25-34,female,Kwun Tong,Cantonese,Roaming_Pass_14d,one-off,248,0,N,N,Y,248,completed,0,,248,347.0
CUST100481,2025-11-02,paid_social,meta,HK_RoamingPass_Asia_Q4_2025,Roaming_TravellersGoldenWeek_HK,RoamingPass_Asia_Video_v1_Canto,35-44,male,Yau Tsim Mong,Cantonese,Roaming_Pass_14d,one-off,248,0,N,N,N,248,completed,0,,248,347.0
CUST100482,2025-11-12,paid_social,meta,HK_RoamingPass_Asia_Q4_2025,Roaming_TravellersGoldenWeek_HK,RoamingPass_Asia_Video_v1_Canto,45-54,female,Kwai Tsing,Cantonese,Roaming_Pass_7d,one-off,168,0,N,N,N,168,repeat_purchase,1,,336,403.0
CUST100483,2025-11-02,paid_social,meta,HK_RoamingPass_Asia_Q4_2025,Roaming_TravellersGoldenWeek_HK,RoamingPass_Asia_Video_v1_Canto,35-44,male,Sham Shui Po,Cantonese,Roaming_Pass_7d,one-off,168,0,N,N,N,168,completed,0,,168,235.0
CUST100484,2025-11-06,paid_social,meta,HK_RoamingPass_Asia_Q4_2025,Roaming_TravellersGoldenWeek_HK,RoamingPass_Asia_Video_v1_Canto,55-64,female,North,Cantonese,Roaming_Pass_14d,one-off,248,0,N,N,N,248,completed,0,,248,347.0
CUST100485,2025-11-01,paid_social,meta,HK_RoamingPass_Asia_Q4_2025,Roaming_TravellersGoldenWeek_HK,RoamingPass_Asia_Video_v1_Canto,45-54,female,Tuen Mun,Cantonese,Roaming_Pass_14d,one-off,248,0,N,N,N,248,completed,0,,248,347.0
CUST100486,2025-11-08,paid_social,meta,HK_RoamingPass_Asia_Q4_2025,Roaming_TravellersGoldenWeek_HK,RoamingPass_Asia_Video_v1_Canto,35-44,female,Central & Western,Cantonese,Roaming_Pass_7d,one-off,168,0,N,N,N,168,completed,0,,168,235.0
CUST100487,2025-11-10,paid_social,meta,HK_RoamingPass_Asia_Q4_2025,Roaming_TravellersGoldenWeek_HK,RoamingPass_Asia_Video_v1_Canto,35-44,female,Islands,Cantonese,Roaming_Pass_7d,one-off,168,0,N,N,N,168,completed,0,,168,235.0
CUST100488,2025-11-12,paid_social,meta,HK_RoamingPass_Asia_Q4_2025,Roaming_TravellersGoldenWeek_HK,RoamingPass_Asia_Video_v1_Canto,35-44,female,Tuen Mun,Cantonese,Roaming_Pass_7d,one-off,168,0,N,N,N,168,completed,0,,168,235.0
CUST100489,2025-11-10,paid_social,meta,HK_RoamingPass_Asia_Q4_2025,Roaming_TravellersGoldenWeek_HK,RoamingPass_Asia_Video_v1_Canto,35-44,female,Sham Shui Po,Cantonese,Roaming_Pass_7d,one-off,168,0,N,N,N,168,completed,0,,168,235.0
CUST100490,2025-11-05,paid_social,meta,HK_RoamingPass_Asia_Q4_2025,Roaming_TravellersGoldenWeek_HK,RoamingPass_Asia_Video_v1_Canto,25-34,male,Tsuen Wan,Cantonese,Roaming_Pass_14d,one-off,248,0,N,N,N,248,completed,0,,248,347.0
CUST100491,2025-11-05,paid_social,meta,HK_RoamingPass_Asia_Q4_2025,Roaming_TravellersGoldenWeek_HK,RoamingPass_Asia_Video_v1_Canto,35-44,male,Eastern,Cantonese,Roaming_Pass_14d,one-off,248,0,N,N,N,248,completed,0,,248,347.0
CUST100492,2025-11-01,paid_social,meta,HK_RoamingPass_Asia_Q4_2025,Roaming_TravellersGoldenWeek_HK,RoamingPass_Asia_Video_v1_Canto,45-54,male,North,English,Roaming_Pass_7d,one-off,168,0,N,N,N,168,repeat_purchase,1,,336,403.0
CUST100493,2025-11-10,paid_social,meta,HK_RoamingPass_Asia_Q4_2025,Roaming_TravellersGoldenWeek_HK,RoamingPass_Asia_Video_v1_Canto,25-34,female,North,Cantonese,Roaming_Pass_14d,one-off,248,0,N,N,N,248,completed,0,,248,347.0
CUST100494,2025-11-05,paid_social,meta,HK_RoamingPass_Asia_Q4_2025,Roaming_TravellersGoldenWeek_HK,RoamingPass_Asia_Video_v1_Canto,35-44,female,Kwai Tsing,Cantonese,Roaming_Pass_7d,one-off,168,0,N,N,N,168,completed,0,,168,235.0
CUST100495,2025-11-05,paid_social,meta,HK_RoamingPass_Asia_Q4_2025,Roaming_TravellersGoldenWeek_HK,RoamingPass_Asia_Video_v1_Canto,25-34,female,Kwun Tong,Cantonese,Roaming_Pass_14d,one-off,248,0,N,N,N,248,completed,0,,248,347.0
CUST100496,2025-11-07,paid_social,meta,HK_RoamingPass_Asia_Q4_2025,Roaming_TravellersGoldenWeek_HK,RoamingPass_Asia_Video_v1_Canto,35-44,male,Yau Tsim Mong,English,Roaming_Pass_14d,one-off,248,0,N,N,N,248,completed,0,,248,347.0
CUST100497,2025-11-10,paid_social,meta,HK_RoamingPass_Asia_Q4_2025,Roaming_TravellersGoldenWeek_HK,RoamingPass_Asia_Video_v1_Canto,35-44,male,Yuen Long,English,Roaming_Pass_14d,one-off,248,0,N,N,N,248,completed,0,,248,347.0
CUST100498,2025-11-09,paid_social,meta,HK_RoamingPass_Asia_Q4_2025,Roaming_TravellersGoldenWeek_HK,RoamingPass_Asia_Video_v1_Canto,35-44,female,Sha Tin,English,Roaming_Pass_7d,one-off,168,0,N,N,N,168,repeat_purchase,1,,336,403.0
CUST100499,2025-11-05,paid_social,meta,HK_RoamingPass_Asia_Q4_2025,Roaming_TravellersGoldenWeek_HK,RoamingPass_Asia_Video_v1_Canto,55-64,female,Southern,Cantonese,Roaming_Pass_7d,one-off,168,0,N,N,N,168,completed,0,,168,235.0
CUST100500,2025-11-05,paid_social,meta,HK_RoamingPass_Asia_Q4_2025,Roaming_TravellersGoldenWeek_HK,RoamingPass_Asia_Video_v1_Canto,25-34,male,Wong Tai Sin,Cantonese,Roaming_Pass_7d,one-off,168,0,N,N,N,168,completed,0,,168,235.0
CUST100501,2025-11-04,paid_social,meta,HK_RoamingPass_Asia_Q4_2025,Roaming_TravellersGoldenWeek_HK,RoamingPass_Asia_Video_v1_Canto,55-64,female,Islands,Cantonese,Roaming_Pass_7d,one-off,168,0,N,N,N,168,completed,0,,168,235.0
CUST100502,2025-11-04,paid_social,meta,HK_RoamingPass_Asia_Q4_2025,Roaming_TravellersGoldenWeek_HK,RoamingPass_Asia_Video_v1_Canto,55-64,male,Wong Tai Sin,English,Roaming_Pass_7d,one-off,168,0,N,N,N,168,completed,0,,168,235.0
CUST100503,2025-11-09,paid_social,meta,HK_RoamingPass_Asia_Q4_2025,Roaming_TravellersGoldenWeek_HK,RoamingPass_Asia_Video_v1_Canto,55-64,female,Yuen Long,English,Roaming_Pass_14d,one-off,248,0,N,N,N,248,completed,0,,248,347.0
CUST100504,2025-11-08,paid_social,meta,HK_RoamingPass_Asia_Q4_2025,Roaming_TravellersGoldenWeek_HK,RoamingPass_Asia_Video_v1_Canto,55-64,male,Tsuen Wan,Cantonese,Roaming_Pass_7d,one-off,168,0,N,N,N,168,completed,0,,168,235.0
CUST100505,2025-11-06,paid_social,meta,HK_RoamingPass_Asia_Q4_2025,Roaming_BizTravellers_HK_25-55,RoamingPass_BizTraveller_StaticEN,25-34,male,Tsuen Wan,Cantonese,Roaming_Pass_7d,one-off,168,0,N,N,N,168,completed,0,,168,235.0
CUST100506,2025-11-06,paid_social,meta,HK_RoamingPass_Asia_Q4_2025,Roaming_BizTravellers_HK_25-55,RoamingPass_BizTraveller_StaticEN,35-44,male,Tuen Mun,Cantonese,Roaming_Pass_14d,one-off,248,0,N,N,N,248,completed,0,,248,347.0
CUST100507,2025-11-11,paid_social,meta,HK_RoamingPass_Asia_Q4_2025,Roaming_BizTravellers_HK_25-55,RoamingPass_BizTraveller_StaticEN,35-44,male,Sham Shui Po,Cantonese,Roaming_Pass_14d,one-off,248,0,N,N,N,248,completed,0,,248,347.0
CUST100508,2025-11-05,paid_social,meta,HK_RoamingPass_Asia_Q4_2025,Roaming_BizTravellers_HK_25-55,RoamingPass_BizTraveller_StaticEN,35-44,male,Kowloon City,Cantonese,Roaming_Pass_7d,one-off,168,0,N,N,N,168,completed,0,,168,235.0
CUST100509,2025-11-09,paid_social,meta,HK_RoamingPass_Asia_Q4_2025,Roaming_BizTravellers_HK_25-55,RoamingPass_BizTraveller_StaticEN,45-54,female,Southern,Mandarin,Roaming_Pass_14d,one-off,248,0,N,N,N,248,completed,0,,248,347.0
CUST100510,2025-11-12,paid_social,meta,HK_RoamingPass_Asia_Q4_2025,Roaming_BizTravellers_HK_25-55,RoamingPass_BizTraveller_StaticEN,35-44,male,Tsuen Wan,English,Roaming_Pass_14d,one-off,248,0,N,N,N,248,completed,0,,248,347.0
CUST100511,2025-11-09,paid_social,meta,HK_RoamingPass_Asia_Q4_2025,Roaming_BizTravellers_HK_25-55,RoamingPass_BizTraveller_StaticEN,45-54,male,Kowloon City,Mandarin,Roaming_Pass_14d,one-off,248,0,N,N,Y,248,completed,0,,248,347.0
CUST100512,2025-11-04,paid_social,meta,HK_RoamingPass_Asia_Q4_2025,Roaming_BizTravellers_HK_25-55,RoamingPass_BizTraveller_StaticEN,45-54,female,Yuen Long,Cantonese,Roaming_Pass_7d,one-off,168,0,N,N,N,168,completed,0,,168,235.0
CUST100513,2025-11-02,paid_social,meta,HK_RoamingPass_Asia_Q4_2025,Roaming_BizTravellers_HK_25-55,RoamingPass_BizTraveller_StaticEN,35-44,male,North,Cantonese,Roaming_Pass_14d,one-off,248,0,N,N,N,248,completed,0,,248,347.0
CUST100514,2025-11-01,paid_social,meta,HK_RoamingPass_Asia_Q4_2025,Roaming_BizTravellers_HK_25-55,RoamingPass_BizTraveller_StaticEN,45-54,male,Tuen Mun,Cantonese,Roaming_Pass_14d,one-off,248,0,N,N,N,248,completed,0,,248,347.0
CUST100515,2025-11-06,paid_social,meta,HK_RoamingPass_Asia_Q4_2025,Roaming_BizTravellers_HK_25-55,RoamingPass_BizTraveller_StaticEN,25-34,female,Southern,Cantonese,Roaming_Pass_7d,one-off,168,0,N,N,N,168,completed,0,,168,235.0
CUST100516,2025-11-10,paid_social,meta,HK_RoamingPass_Asia_Q4_2025,Roaming_BizTravellers_HK_25-55,RoamingPass_BizTraveller_StaticEN,35-44,male,Wong Tai Sin,Cantonese,Roaming_Pass_7d,one-off,168,0,N,N,N,168,completed,0,,168,235.0
CUST100517,2025-11-13,paid_social,meta,HK_RoamingPass_Asia_Q4_2025,Roaming_BizTravellers_HK_25-55,RoamingPass_BizTraveller_StaticEN,45-54,female,Yuen Long,Cantonese,Roaming_Pass_7d,one-off,168,0,N,N,N,168,completed,0,,168,235.0
CUST100518,2025-11-01,paid_social,meta,HK_RoamingPass_Asia_Q4_2025,Roaming_BizTravellers_HK_25-55,RoamingPass_BizTraveller_StaticEN,35-44,male,Wong Tai Sin,Mandarin,Roaming_Pass_7d,one-off,168,0,N,N,N,168,completed,0,,168,235.0
CUST100519,2025-11-03,paid_social,meta,HK_RoamingPass_Asia_Q4_2025,Roaming_BizTravellers_HK_25-55,RoamingPass_BizTraveller_StaticEN,35-44,male,Eastern,Cantonese,Roaming_Pass_7d,one-off,168,0,N,N,N,168,completed,0,,168,235.0
CUST100520,2025-11-09,paid_social,meta,HK_RoamingPass_Asia_Q4_2025,Roaming_BizTravellers_HK_25-55,RoamingPass_BizTraveller_StaticEN,35-44,male,Tsuen Wan,Mandarin,Roaming_Pass_14d,one-off,248,0,N,N,N,248,repeat_purchase,1,,496,595.0
CUST100521,2025-11-09,paid_social,meta,HK_RoamingPass_Asia_Q4_2025,Roaming_BizTravellers_HK_25-55,RoamingPass_BizTraveller_StaticEN,25-34,female,Sham Shui Po,English,Roaming_Pass_14d,one-off,248,0,N,N,N,248,completed,0,,248,347.0
CUST100522,2025-11-05,paid_social,meta,HK_RoamingPass_Asia_Q4_2025,Roaming_BizTravellers_HK_25-55,RoamingPass_BizTraveller_StaticEN,35-44,female,Sham Shui Po,Cantonese,Roaming_Pass_14d,one-off,248,0,N,N,N,248,completed,0,,248,347.0
CUST100523,2025-11-05,paid_social,meta,HK_RoamingPass_Asia_Q4_2025,Roaming_BizTravellers_HK_25-55,RoamingPass_BizTraveller_StaticEN,25-34,male,Yuen Long,Cantonese,Roaming_Pass_14d,one-off,248,0,N,N,N,248,completed,0,,248,347.0
CUST100524,2025-11-09,paid_social,meta,HK_RoamingPass_Asia_Q4_2025,Roaming_BizTravellers_HK_25-55,RoamingPass_BizTraveller_StaticEN,45-54,female,Tsuen Wan,Cantonese,Roaming_Pass_14d,one-off,248,0,N,N,N,248,completed,0,,248,347.0
CUST100525,2025-11-12,paid_social,meta,HK_RoamingPass_Asia_Q4_2025,Roaming_BizTravellers_HK_25-55,RoamingPass_BizTraveller_StaticEN,25-34,female,Kwun Tong,Mandarin,Roaming_Pass_14d,one-off,248,0,N,N,N,248,repeat_purchase,1,,496,595.0
CUST100526,2025-11-09,paid_social,meta,HK_RoamingPass_Asia_Q4_2025,Roaming_BizTravellers_HK_25-55,RoamingPass_BizTraveller_StaticEN,35-44,female,Tai Po,Cantonese,Roaming_Pass_14d,one-off,248,0,N,N,N,248,completed,0,,248,347.0
CUST100527,2025-11-14,paid_social,meta,HK_RoamingPass_Asia_Q4_2025,Roaming_BizTravellers_HK_25-55,RoamingPass_BizTraveller_StaticEN,25-34,female,Central & Western,English,Roaming_Pass_14d,one-off,248,0,N,N,N,248,completed,0,,248,347.0
CUST100528,2025-11-12,paid_social,meta,HK_RoamingPass_Asia_Q4_2025,Roaming_BizTravellers_HK_25-55,RoamingPass_BizTraveller_StaticEN,35-44,male,Wong Tai Sin,Cantonese,Roaming_Pass_7d,one-off,168,0,N,N,N,168,completed,0,,168,235.0
CUST100529,2025-11-12,paid_social,meta,HK_RoamingPass_Asia_Q4_2025,Roaming_BizTravellers_HK_25-55,RoamingPass_BizTraveller_StaticEN,25-34,male,Kwun Tong,Cantonese,Roaming_Pass_7d,one-off,168,0,N,N,N,168,completed,0,,168,235.0
CUST100530,2025-11-03,paid_social,meta,HK_RoamingPass_Asia_Q4_2025,Roaming_BizTravellers_HK_25-55,RoamingPass_BizTraveller_StaticEN,25-34,male,Yau Tsim Mong,English,Roaming_Pass_7d,one-off,168,0,N,N,N,168,completed,0,,168,235.0
CUST100531,2025-11-02,paid_social,meta,HK_RoamingPass_Asia_Q4_2025,Roaming_BizTravellers_HK_25-55,RoamingPass_BizTraveller_StaticEN,35-44,male,Tuen Mun,Cantonese,Roaming_Pass_7d,one-off,168,0,N,N,N,168,completed,0,,168,235.0
CUST100532,2025-11-10,paid_social,meta,HK_RoamingPass_Asia_Q4_2025,Roaming_BizTravellers_HK_25-55,RoamingPass_BizTraveller_StaticEN,45-54,male,Islands,Cantonese,Roaming_Pass_7d,one-off,168,0,N,N,N,168,completed,0,,168,235.0
CUST100533,2025-11-08,paid_social,meta,HK_RoamingPass_Asia_Q4_2025,Roaming_BizTravellers_HK_25-55,RoamingPass_BizTraveller_StaticEN,25-34,female,Sai Kung,Cantonese,Roaming_Pass_14d,one-off,248,0,N,N,N,248,repeat_purchase,1,,496,595.0
CUST100534,2025-11-07,paid_social,meta,HK_RoamingPass_Asia_Q4_2025,Roaming_BizTravellers_HK_25-55,RoamingPass_BizTraveller_StaticEN,25-34,male,Tai Po,English,Roaming_Pass_14d,one-off,248,0,N,N,N,248,completed,0,,248,347.0
CUST100535,2025-11-04,paid_social,meta,HK_RoamingPass_Asia_Q4_2025,Roaming_BizTravellers_HK_25-55,RoamingPass_BizTraveller_StaticEN,45-54,male,Wan Chai,English,Roaming_Pass_14d,one-off,248,0,N,N,N,248,completed,0,,248,347.0
CUST100536,2025-11-12,paid_social,meta,HK_RoamingPass_Asia_Q4_2025,Roaming_BizTravellers_HK_25-55,RoamingPass_BizTraveller_StaticEN,35-44,male,Eastern,English,Roaming_Pass_14d,one-off,248,0,N,N,N,248,completed,0,,248,347.0
CUST100537,2025-11-04,paid_social,meta,HK_RoamingPass_Asia_Q4_2025,Roaming_BizTravellers_HK_25-55,RoamingPass_BizTraveller_StaticEN,45-54,male,Central & Western,Cantonese,Roaming_Pass_14d,one-off,248,0,N,N,N,248,repeat_purchase,1,,496,595.0
CUST100538,2025-11-06,paid_social,meta,HK_RoamingPass_Asia_Q4_2025,Roaming_BizTravellers_HK_25-55,RoamingPass_BizTraveller_StaticEN,35-44,male,Wong Tai Sin,Cantonese,Roaming_Pass_14d,one-off,248,0,N,N,N,248,completed,0,,248,347.0
CUST100539,2025-11-12,paid_social,meta,HK_RoamingPass_Asia_Q4_2025,Roaming_BizTravellers_HK_25-55,RoamingPass_BizTraveller_StaticEN,35-44,male,Sha Tin,Cantonese,Roaming_Pass_14d,one-off,248,0,N,N,N,248,completed,0,,248,347.0
CUST100540,2025-11-06,paid_social,meta,HK_RoamingPass_Asia_Q4_2025,Roaming_BizTravellers_HK_25-55,RoamingPass_BizTraveller_StaticEN,45-54,male,Yau Tsim Mong,Mandarin,Roaming_Pass_14d,one-off,248,0,N,N,N,248,completed,0,,248,347.0
CUST100541,2025-11-03,paid_social,meta,HK_RoamingPass_Asia_Q4_2025,Roaming_BizTravellers_HK_25-55,RoamingPass_BizTraveller_StaticEN,25-34,male,Sham Shui Po,English,Roaming_Pass_7d,one-off,168,0,N,N,N,168,completed,0,,168,235.0
CUST100542,2025-11-04,paid_social,meta,HK_RoamingPass_Asia_Q4_2025,Roaming_BizTravellers_HK_25-55,RoamingPass_BizTraveller_StaticEN,45-54,male,Tai Po,Cantonese,Roaming_Pass_7d,one-off,168,0,N,N,N,168,completed,0,,168,235.0
CUST100543,2025-11-05,paid_social,meta,HK_RoamingPass_Asia_Q4_2025,Roaming_BizTravellers_HK_25-55,RoamingPass_BizTraveller_StaticEN,35-44,female,Southern,English,Roaming_Pass_14d,one-off,248,0,N,N,N,248,completed,0,,248,347.0
CUST100544,2025-11-11,paid_social,meta,HK_RoamingPass_Asia_Q4_2025,Roaming_BizTravellers_HK_25-55,RoamingPass_BizTraveller_StaticEN,35-44,female,Kowloon City,English,Roaming_Pass_7d,one-off,168,0,N,N,N,168,completed,0,,168,235.0
CUST100545,2025-11-04,paid_social,meta,HK_RoamingPass_Asia_Q4_2025,Roaming_BizTravellers_HK_25-55,RoamingPass_BizTraveller_StaticEN,35-44,male,Tsuen Wan,Cantonese,Roaming_Pass_7d,one-off,168,0,N,N,N,168,completed,0,,168,235.0
CUST100546,2025-11-02,paid_social,meta,HK_RoamingPass_Asia_Q4_2025,Roaming_BizTravellers_HK_25-55,RoamingPass_BizTraveller_StaticEN,25-34,female,Tuen Mun,Cantonese,Roaming_Pass_14d,one-off,248,0,N,N,N,248,completed,0,,248,347.0
CUST100547,2025-11-06,paid_social,meta,HK_RoamingPass_Asia_Q4_2025,Roaming_BizTravellers_HK_25-55,RoamingPass_BizTraveller_StaticEN,25-34,male,Wong Tai Sin,Cantonese,Roaming_Pass_14d,one-off,248,0,N,N,N,248,repeat_purchase,1,,496,595.0
CUST100548,2025-11-13,paid_social,meta,HK_RoamingPass_Asia_Q4_2025,Roaming_BizTravellers_HK_25-55,RoamingPass_BizTraveller_StaticEN,35-44,male,Central & Western,Cantonese,Roaming_Pass_14d,one-off,248,0,N,N,N,248,completed,0,,248,347.0
CUST100549,2025-11-04,paid_social,meta,HK_RoamingPass_Asia_Q4_2025,Roaming_BizTravellers_HK_25-55,RoamingPass_BizTraveller_StaticEN,25-34,male,Yuen Long,Cantonese,Roaming_Pass_14d,one-off,248,0,N,N,N,248,completed,0,,248,347.0
CUST100550,2025-11-05,paid_social,meta,HK_RoamingPass_Asia_Q4_2025,Roaming_BizTravellers_HK_25-55,RoamingPass_BizTraveller_StaticEN,35-44,male,Kowloon City,English,Roaming_Pass_14d,one-off,248,0,N,N,N,248,repeat_purchase,1,,496,595.0
CUST100551,2025-11-02,paid_social,meta,HK_RoamingPass_Asia_Q4_2025,Roaming_BizTravellers_HK_25-55,RoamingPass_BizTraveller_StaticEN,25-34,male,Tuen Mun,Cantonese,Roaming_Pass_7d,one-off,168,0,N,N,N,168,completed,0,,168,235.0
CUST100552,2025-11-03,paid_social,meta,HK_RoamingPass_Asia_Q4_2025,Roaming_BizTravellers_HK_25-55,RoamingPass_BizTraveller_StaticEN,35-44,female,Kowloon City,Cantonese,Roaming_Pass_7d,one-off,168,0,N,N,N,168,completed,0,,168,235.0
CUST100553,2025-11-14,paid_social,meta,HK_RoamingPass_Asia_Q4_2025,Roaming_BizTravellers_HK_25-55,RoamingPass_BizTraveller_StaticEN,35-44,male,Tuen Mun,English,Roaming_Pass_7d,one-off,168,0,N,N,N,168,completed,0,,168,235.0
CUST100554,2025-11-09,paid_social,meta,HK_RoamingPass_Asia_Q4_2025,Roaming_BizTravellers_HK_25-55,RoamingPass_BizTraveller_StaticEN,25-34,male,North,Cantonese,Roaming_Pass_14d,one-off,248,0,N,N,N,248,completed,0,,248,347.0
CUST100555,2025-11-04,paid_social,meta,HK_RoamingPass_Asia_Q4_2025,Roaming_BizTravellers_HK_25-55,RoamingPass_BizTraveller_StaticEN,25-34,male,Kwun Tong,Cantonese,Roaming_Pass_14d,one-off,248,0,N,N,N,248,completed,0,,248,347.0
CUST100556,2025-11-08,paid_social,meta,HK_RoamingPass_Asia_Q4_2025,Roaming_BizTravellers_HK_25-55,RoamingPass_BizTraveller_StaticEN,45-54,male,Wong Tai Sin,English,Roaming_Pass_7d,one-off,168,0,N,N,Y,168,completed,0,,168,235.0
CUST100557,2025-11-07,paid_social,meta,HK_RoamingPass_Asia_Q4_2025,Roaming_BizTravellers_HK_25-55,RoamingPass_BizTraveller_StaticEN,35-44,male,Eastern,Cantonese,Roaming_Pass_14d,one-off,248,0,N,N,N,248,completed,0,,248,347.0
CUST100558,2025-11-05,paid_social,meta,HK_RoamingPass_Asia_Q4_2025,Roaming_BizTravellers_HK_25-55,RoamingPass_BizTraveller_StaticEN,35-44,male,Tsuen Wan,Cantonese,Roaming_Pass_14d,one-off,248,0,N,N,N,248,completed,0,,248,347.0
CUST100559,2025-11-12,paid_social,meta,HK_RoamingPass_Asia_Q4_2025,Roaming_BizTravellers_HK_25-55,RoamingPass_BizTraveller_StaticEN,35-44,female,Kowloon City,Cantonese,Roaming_Pass_14d,one-off,248,0,N,N,N,248,completed,0,,248,347.0
CUST100560,2025-11-13,paid_social,meta,HK_RoamingPass_Asia_Q4_2025,Roaming_BizTravellers_HK_25-55,RoamingPass_BizTraveller_StaticEN,45-54,male,Tuen Mun,Cantonese,Roaming_Pass_14d,one-off,248,0,N,N,N,248,completed,0,,248,347.0
CUST100561,2025-11-03,paid_social,meta,HK_RoamingPass_Asia_Q4_2025,Roaming_BizTravellers_HK_25-55,RoamingPass_BizTraveller_StaticEN,35-44,female,Sai Kung,English,Roaming_Pass_14d,one-off,248,0,N,N,N,248,completed,0,,248,347.0
CUST100562,2025-11-14,paid_social,meta,HK_RoamingPass_Asia_Q4_2025,Roaming_BizTravellers_HK_25-55,RoamingPass_BizTraveller_StaticEN,45-54,male,Wong Tai Sin,Cantonese,Roaming_Pass_7d,one-off,168,0,N,N,Y,168,completed,0,,168,235.0
CUST100563,2025-11-12,paid_social,meta,HK_RoamingPass_Asia_Q4_2025,Roaming_BizTravellers_HK_25-55,RoamingPass_BizTraveller_StaticEN,25-34,female,Tsuen Wan,Cantonese,Roaming_Pass_14d,one-off,248,0,N,N,N,248,completed,0,,248,347.0
CUST100564,2025-11-06,paid_social,meta,HK_RoamingPass_Asia_Q4_2025,Roaming_BizTravellers_HK_25-55,RoamingPass_BizTraveller_StaticEN,25-34,male,Kwai Tsing,English,Roaming_Pass_7d,one-off,168,0,N,N,Y,168,completed,0,,168,235.0
CUST100565,2025-11-12,paid_social,meta,HK_RoamingPass_Asia_Q4_2025,Roaming_BizTravellers_HK_25-55,RoamingPass_BizTraveller_StaticEN,45-54,male,Kwun Tong,Cantonese,Roaming_Pass_14d,one-off,248,0,N,N,N,248,repeat_purchase,1,,496,595.0
CUST100566,2025-11-01,paid_social,meta,HK_RoamingPass_Asia_Q4_2025,Roaming_BizTravellers_HK_25-55,RoamingPass_BizTraveller_StaticEN,25-34,female,Yau Tsim Mong,Cantonese,Roaming_Pass_14d,one-off,248,0,N,N,N,248,completed,0,,248,347.0
CUST100567,2025-11-07,paid_social,meta,HK_RoamingPass_Asia_Q4_2025,Roaming_BizTravellers_HK_25-55,RoamingPass_BizTraveller_StaticEN,35-44,female,Sai Kung,Cantonese,Roaming_Pass_14d,one-off,248,0,N,N,N,248,completed,0,,248,347.0
CUST100568,2025-11-07,paid_social,meta,HK_RoamingPass_Asia_Q4_2025,Roaming_BizTravellers_HK_25-55,RoamingPass_BizTraveller_StaticEN,25-34,male,Tuen Mun,Cantonese,Roaming_Pass_7d,one-off,168,0,N,N,N,168,repeat_purchase,1,,336,403.0
CUST100569,2025-11-13,paid_social,meta,HK_RoamingPass_Asia_Q4_2025,Roaming_BizTravellers_HK_25-55,RoamingPass_BizTraveller_StaticEN,45-54,male,Tuen Mun,Cantonese,Roaming_Pass_14d,one-off,248,0,N,N,N,248,completed,0,,248,347.0
CUST100570,2025-11-07,paid_social,meta,HK_RoamingPass_Asia_Q4_2025,Roaming_BizTravellers_HK_25-55,RoamingPass_BizTraveller_StaticEN,45-54,male,Sai Kung,Cantonese,Roaming_Pass_7d,one-off,168,0,N,N,N,168,completed,0,,168,235.0
CUST100571,2025-11-11,paid_social,meta,HK_RoamingPass_Asia_Q4_2025,Roaming_BizTravellers_HK_25-55,RoamingPass_BizTraveller_StaticEN,35-44,male,Tuen Mun,Cantonese,Roaming_Pass_14d,one-off,248,0,N,N,N,248,completed,0,,248,347.0
CUST100572,2025-11-07,paid_social,meta,HK_RoamingPass_Asia_Q4_2025,Roaming_BizTravellers_HK_25-55,RoamingPass_BizTraveller_StaticEN,45-54,female,Kwai Tsing,Cantonese,Roaming_Pass_14d,one-off,248,0,N,N,N,248,completed,0,,248,347.0
CUST100573,2025-11-09,paid_social,meta,HK_RoamingPass_Asia_Q4_2025,Roaming_BizTravellers_HK_25-55,RoamingPass_BizTraveller_StaticEN,35-44,male,Southern,English,Roaming_Pass_14d,one-off,248,0,N,N,N,248,completed,0,,248,347.0
CUST100574,2025-11-14,paid_social,meta,HK_RoamingPass_Asia_Q4_2025,Roaming_BizTravellers_HK_25-55,RoamingPass_BizTraveller_StaticEN,45-54,male,Southern,Cantonese,Roaming_Pass_14d,one-off,248,0,N,N,N,248,completed,0,,248,347.0
CUST100575,2025-11-03,paid_social,meta,HK_RoamingPass_Asia_Q4_2025,Roaming_BizTravellers_HK_25-55,RoamingPass_BizTraveller_StaticEN,35-44,male,Sham Shui Po,English,Roaming_Pass_7d,one-off,168,0,N,N,N,168,completed,0,,168,235.0
CUST100576,2025-11-03,paid_social,meta,HK_RoamingPass_Asia_Q4_2025,Roaming_BizTravellers_HK_25-55,RoamingPass_BizTraveller_StaticEN,35-44,male,Central & Western,Mandarin,Roaming_Pass_14d,one-off,248,0,N,N,N,248,completed,0,,248,347.0
CUST100577,2025-11-08,paid_social,meta,HK_RoamingPass_Asia_Q4_2025,Roaming_BizTravellers_HK_25-55,RoamingPass_BizTraveller_StaticEN,45-54,male,Kwai Tsing,Cantonese,Roaming_Pass_7d,one-off,168,0,N,N,N,168,completed,0,,168,235.0
CUST100578,2025-11-10,paid_social,meta,HK_RoamingPass_Asia_Q4_2025,Roaming_BizTravellers_HK_25-55,RoamingPass_BizTraveller_StaticEN,35-44,female,Sham Shui Po,English,Roaming_Pass_7d,one-off,168,0,N,N,N,168,completed,0,,168,235.0
CUST100579,2025-11-09,paid_social,meta,HK_RoamingPass_Asia_Q4_2025,Roaming_BizTravellers_HK_25-55,RoamingPass_BizTraveller_StaticEN,45-54,female,Kowloon City,Cantonese,Roaming_Pass_14d,one-off,248,0,N,N,N,248,completed,0,,248,347.0
CUST100580,2025-11-02,paid_social,meta,HK_RoamingPass_Asia_Q4_2025,Roaming_BizTravellers_HK_25-55,RoamingPass_BizTraveller_StaticEN,25-34,female,Wong Tai Sin,English,Roaming_Pass_7d,one-off,168,0,N,N,N,168,completed,0,,168,235.0
CUST100581,2025-11-02,paid_social,meta,HK_RoamingPass_Asia_Q4_2025,Roaming_BizTravellers_HK_25-55,RoamingPass_BizTraveller_StaticEN,45-54,female,Sha Tin,English,Roaming_Pass_14d,one-off,248,0,N,N,N,248,completed,0,,248,347.0
CUST100582,2025-11-04,paid_social,meta,HK_RoamingPass_Asia_Q4_2025,Roaming_BizTravellers_HK_25-55,RoamingPass_BizTraveller_StaticEN,35-44,female,North,Cantonese,Roaming_Pass_7d,one-off,168,0,N,N,N,168,completed,0,,168,235.0
CUST100583,2025-11-09,paid_social,meta,HK_RoamingPass_Asia_Q4_2025,Roaming_BizTravellers_HK_25-55,RoamingPass_BizTraveller_StaticEN,35-44,male,North,Mandarin,Roaming_Pass_14d,one-off,248,0,N,N,N,248,completed,0,,248,347.0
CUST100584,2025-11-04,paid_social,meta,HK_RoamingPass_Asia_Q4_2025,Roaming_BizTravellers_HK_25-55,RoamingPass_BizTraveller_StaticEN,35-44,male,Sai Kung,English,Roaming_Pass_14d,one-off,248,0,N,N,N,248,repeat_purchase,1,,496,595.0
CUST100585,2025-11-06,paid_social,meta,HK_RoamingPass_Asia_Q4_2025,Roaming_BizTravellers_HK_25-55,RoamingPass_BizTraveller_StaticEN,35-44,female,Sham Shui Po,English,Roaming_Pass_14d,one-off,248,0,N,N,N,248,completed,0,,248,347.0
CUST100586,2025-11-03,paid_social,meta,HK_RoamingPass_Asia_Q4_2025,Roaming_BizTravellers_HK_25-55,RoamingPass_BizTraveller_StaticEN,35-44,male,Yuen Long,English,Roaming_Pass_14d,one-off,248,0,N,N,N,248,completed,0,,248,347.0
CUST100587,2025-11-01,paid_social,meta,HK_RoamingPass_Asia_Q4_2025,Roaming_BizTravellers_HK_25-55,RoamingPass_BizTraveller_StaticEN,35-44,male,Yau Tsim Mong,Cantonese,Roaming_Pass_7d,one-off,168,0,N,N,N,168,repeat_purchase,1,,336,403.0
CUST100588,2025-11-01,paid_social,meta,HK_RoamingPass_Asia_Q4_2025,Roaming_BizTravellers_HK_25-55,RoamingPass_BizTraveller_StaticEN,35-44,male,Eastern,Mandarin,Roaming_Pass_14d,one-off,248,0,N,N,N,248,completed,0,,248,347.0
CUST100589,2025-11-13,paid_social,meta,HK_RoamingPass_Asia_Q4_2025,Roaming_BizTravellers_HK_25-55,RoamingPass_BizTraveller_StaticEN,35-44,female,North,English,Roaming_Pass_14d,one-off,248,0,N,N,N,248,repeat_purchase,1,,496,595.0
CUST100590,2025-11-08,paid_social,meta,HK_RoamingPass_Asia_Q4_2025,Roaming_BizTravellers_HK_25-55,RoamingPass_BizTraveller_StaticEN,45-54,female,Yuen Long,Mandarin,Roaming_Pass_7d,one-off,168,0,N,N,N,168,completed,0,,168,235.0
CUST100591,2025-11-11,paid_social,meta,HK_RoamingPass_Asia_Q4_2025,Roaming_BizTravellers_HK_25-55,RoamingPass_BizTraveller_StaticEN,35-44,male,Wan Chai,English,Roaming_Pass_14d,one-off,248,0,N,N,N,248,completed,0,,248,347.0
CUST100592,2025-11-04,paid_social,meta,HK_RoamingPass_Asia_Q4_2025,Roaming_BizTravellers_HK_25-55,RoamingPass_BizTraveller_StaticEN,35-44,male,Sai Kung,Cantonese,Roaming_Pass_7d,one-off,168,0,N,N,N,168,completed,0,,168,235.0
CUST100593,2025-11-05,paid_social,meta,HK_RoamingPass_Asia_Q4_2025,Roaming_BizTravellers_HK_25-55,RoamingPass_BizTraveller_StaticEN,25-34,male,Tai Po,English,Roaming_Pass_14d,one-off,248,0,N,N,N,248,completed,0,,248,347.0
CUST100594,2025-11-10,paid_social,meta,HK_RoamingPass_Asia_Q4_2025,Roaming_BizTravellers_HK_25-55,RoamingPass_BizTraveller_StaticEN,45-54,female,Sai Kung,English,Roaming_Pass_14d,one-off,248,0,N,N,N,248,repeat_purchase,1,,496,595.0
CUST100595,2025-11-07,paid_social,meta,HK_RoamingPass_Asia_Q4_2025,Roaming_BizTravellers_HK_25-55,RoamingPass_BizTraveller_StaticEN,45-54,female,Wong Tai Sin,Cantonese,Roaming_Pass_7d,one-off,168,0,N,N,N,168,completed,0,,168,235.0
CUST100596,2025-11-09,paid_social,meta,HK_RoamingPass_Asia_Q4_2025,Roaming_BizTravellers_HK_25-55,RoamingPass_BizTraveller_StaticEN,35-44,female,Wong Tai Sin,Cantonese,Roaming_Pass_7d,one-off,168,0,N,N,N,168,completed,0,,168,235.0
CUST100597,2025-11-10,paid_social,meta,HK_RoamingPass_Asia_Q4_2025,Roaming_BizTravellers_HK_25-55,RoamingPass_BizTraveller_StaticEN,25-34,male,Wan Chai,English,Roaming_Pass_14d,one-off,248,0,N,N,N,248,repeat_purchase,1,,496,595.0
CUST100598,2025-11-02,paid_social,meta,HK_RoamingPass_Asia_Q4_2025,Roaming_BizTravellers_HK_25-55,RoamingPass_BizTraveller_StaticEN,25-34,male,Kwai Tsing,Cantonese,Roaming_Pass_14d,one-off,248,0,N,N,N,248,completed,0,,248,347.0
CUST100599,2025-11-05,paid_social,meta,HK_RoamingPass_Asia_Q4_2025,Roaming_BizTravellers_HK_25-55,RoamingPass_BizTraveller_StaticEN,35-44,male,Sai Kung,Cantonese,Roaming_Pass_14d,one-off,248,0,N,N,N,248,completed,0,,248,347.0
CUST100600,2025-10-30,organic,n/a,,,,45-54,female,Sai Kung,Cantonese,5G_Family_2Line,subscription,388,24,Y,Y,N,664,active,6,,3984,20717.0
CUST100601,2025-12-01,organic,n/a,,,,55-64,female,Islands,Cantonese,5G_Gamer_Unlimited,subscription,348,24,N,N,N,348,active,4,,1392,10858.0
CUST100602,2026-02-20,organic,n/a,,,,25-34,male,Yuen Long,Cantonese,5G_Family_4Line,subscription,588,24,N,N,N,588,active,2,,1176,18346.0
CUST100603,2025-10-25,organic,n/a,,,,45-54,female,Kowloon City,Mandarin,5G_Family_2Line,subscription,388,24,N,N,N,388,active,6,,2328,12106.0
CUST100604,2026-01-17,organic,n/a,,,,35-44,male,Yuen Long,Cantonese,5G_Family_4Line,subscription,588,24,N,N,N,588,active,3,,1764,18346.0
CUST100605,2025-11-06,organic,n/a,,,,45-54,male,Eastern,English,5G_Gamer_Unlimited,subscription,348,24,N,N,N,348,active,5,,1740,10858.0
CUST100606,2026-01-01,organic,n/a,,,,25-34,male,Sham Shui Po,English,5G_Single_Basic,subscription,198,12,N,N,N,198,active,3,,594,3802.0
CUST100607,2025-11-13,organic,n/a,,,,45-54,male,Yau Tsim Mong,English,5G_Family_4Line,subscription,588,24,N,N,N,588,active,5,,2940,18346.0
CUST100608,2025-12-24,organic,n/a,,,,25-34,female,Wong Tai Sin,Cantonese,5G_Gamer_Unlimited,subscription,348,24,N,N,N,348,churned,3,2026-03-24,1044,1044
CUST100609,2026-01-05,organic,n/a,,,,18-24,male,Tai Po,English,5G_Single_Standard,subscription,298,24,N,N,N,298,active,3,,894,9298.0
CUST100610,2026-02-07,organic,n/a,,,,35-44,female,Southern,English,5G_Family_4Line,subscription,588,24,Y,N,Y,1036,active,2,,2072,32323.0
CUST100611,2026-02-28,organic,n/a,,,,35-44,male,Kwun Tong,Cantonese,5G_Single_Standard,subscription,298,24,N,N,N,298,active,2,,596,9298.0
CUST100612,2025-10-24,organic,n/a,,,,35-44,male,Kwai Tsing,Cantonese,5G_Single_Standard,subscription,298,24,N,N,N,298,active,6,,1788,9298.0
CUST100613,2026-02-06,organic,n/a,,,,25-34,female,Kwun Tong,Mandarin,5G_Family_2Line,subscription,388,24,N,N,N,388,active,2,,776,12106.0
CUST100614,2026-01-23,organic,n/a,,,,35-44,male,Southern,Cantonese,5G_Single_Premium,subscription,488,24,N,N,N,488,active,3,,1464,15226.0
CUST100615,2025-11-02,organic,n/a,,,,25-34,male,Sha Tin,English,5G_Family_2Line,subscription,388,24,Y,N,N,586,active,5,,2930,18283.0
CUST100616,2025-11-14,organic,n/a,,,,18-24,female,North,Cantonese,5G_Single_Standard,subscription,298,24,Y,Y,N,574,churned,2,2026-01-13,1148,1148
CUST100617,2025-11-05,organic,n/a,,,,35-44,female,Sai Kung,Cantonese,5G_Single_Standard,subscription,298,24,N,N,N,298,churned,4,2026-03-05,1192,1192
CUST100618,2025-11-21,organic,n/a,,,,55-64,female,Sha Tin,English,5G_Family_2Line,subscription,388,24,N,N,N,388,active,5,,1940,12106.0
CUST100619,2025-10-26,organic,n/a,,,,35-44,female,Eastern,Cantonese,5G_Single_Premium,subscription,488,24,N,N,N,488,active,6,,2928,15226.0
CUST100620,2025-10-27,organic,n/a,,,,35-44,female,Southern,English,5G_Single_Premium,subscription,488,24,N,N,N,488,active,6,,2928,15226.0
CUST100621,2025-12-17,organic,n/a,,,,45-54,male,Wong Tai Sin,Cantonese,5G_Family_4Line,subscription,588,24,Y,N,N,786,active,4,,3144,24523.0
CUST100622,2025-10-27,organic,n/a,,,,45-54,male,Yuen Long,Mandarin,5G_Family_2Line,subscription,388,24,Y,N,N,586,active,6,,3516,18283.0
CUST100623,2025-10-08,organic,n/a,,,,45-54,male,Kwai Tsing,Cantonese,5G_Single_Premium,subscription,488,24,N,Y,N,566,active,6,,3396,17659.0
CUST100624,2025-12-14,organic,n/a,,,,18-24,female,Central & Western,Mandarin,5G_Single_Basic,subscription,198,12,N,N,N,198,active,4,,792,3802.0
CUST100625,2025-12-07,organic,n/a,,,,25-34,female,Tsuen Wan,Cantonese,5G_Family_2Line,subscription,388,24,N,N,N,388,active,4,,1552,12106.0
CUST100626,2025-10-26,organic,n/a,,,,35-44,female,Islands,Mandarin,5G_Family_2Line,subscription,388,24,Y,N,N,586,active,6,,3516,18283.0
CUST100627,2026-01-03,organic,n/a,,,,25-34,male,Yuen Long,English,5G_Family_4Line,subscription,588,24,N,Y,N,666,active,3,,1998,20779.0
CUST100628,2025-10-17,organic,n/a,,,,18-24,female,Southern,English,5G_Family_2Line,subscription,388,24,N,N,Y,638,active,6,,3828,19906.0
CUST100629,2025-11-06,organic,n/a,,,,45-54,female,Central & Western,Cantonese,5G_Single_Premium,subscription,488,24,N,Y,N,566,active,5,,2830,17659.0
CUST100630,2025-12-06,organic,n/a,,,,45-54,male,Tsuen Wan,Mandarin,5G_Family_4Line,subscription,588,24,N,N,N,588,active,4,,2352,18346.0
CUST100631,2025-11-17,organic,n/a,,,,35-44,male,Kwun Tong,Cantonese,5G_Family_2Line,subscription,388,24,N,N,N,388,active,5,,1940,12106.0
CUST100632,2026-01-04,organic,n/a,,,,25-34,male,Central & Western,Cantonese,5G_Single_Basic,subscription,198,12,N,N,N,198,churned,2,2026-03-05,396,396
CUST100633,2026-01-28,organic,n/a,,,,35-44,female,Kowloon City,Cantonese,5G_Single_Standard,subscription,298,24,Y,N,N,496,active,3,,1488,15475.0
CUST100634,2025-10-24,organic,n/a,,,,35-44,female,Tai Po,Cantonese,5G_Single_Basic,subscription,198,12,N,N,N,198,active,6,,1188,3802.0
CUST100635,2025-11-21,organic,n/a,,,,45-54,male,Yau Tsim Mong,English,5G_Family_2Line,subscription,388,24,N,N,N,388,churned,4,2026-03-21,1552,1552
CUST100636,2025-12-12,organic,n/a,,,,25-34,female,Sha Tin,Cantonese,5G_Family_2Line,subscription,388,24,N,Y,N,466,active,4,,1864,14539.0
CUST100637,2025-10-23,organic,n/a,,,,35-44,male,Southern,Cantonese,5G_Single_Basic,subscription,198,12,N,N,N,198,active,6,,1188,3802.0
CUST100638,2025-11-10,organic,n/a,,,,25-34,female,Tsuen Wan,Cantonese,5G_Single_Premium,subscription,488,24,N,N,N,488,active,5,,2440,15226.0
CUST100639,2025-10-22,organic,n/a,,,,35-44,female,Tai Po,Cantonese,5G_Single_Basic,subscription,198,12,N,N,N,198,active,6,,1188,3802.0
CUST100640,2026-02-28,organic,n/a,,,,55-64,female,North,English,5G_Single_Premium,subscription,488,24,N,N,N,488,active,2,,976,15226.0
CUST100641,2025-12-10,organic,n/a,,,,45-54,female,Tai Po,Mandarin,5G_Single_Standard,subscription,298,24,N,N,N,298,active,4,,1192,9298.0
CUST100642,2025-10-24,organic,n/a,,,,55-64,female,Tai Po,Cantonese,5G_Family_4Line,subscription,588,24,N,N,N,588,active,6,,3528,18346.0
CUST100643,2025-10-28,organic,n/a,,,,25-34,female,Tuen Mun,Cantonese,5G_Family_2Line,subscription,388,24,N,N,N,388,active,6,,2328,12106.0
CUST100644,2025-12-01,organic,n/a,,,,35-44,male,Sha Tin,English,5G_Single_Basic,subscription,198,12,N,N,N,198,churned,2,2026-01-30,396,396
CUST100645,2026-02-22,organic,n/a,,,,35-44,male,Kowloon City,Cantonese,5G_Single_Premium,subscription,488,24,Y,N,Y,936,active,2,,1872,29203.0
CUST100646,2026-01-22,organic,n/a,,,,35-44,female,Eastern,Cantonese,5G_Single_Basic,subscription,198,12,N,N,N,198,active,3,,594,3802.0
CUST100647,2025-12-17,organic,n/a,,,,25-34,female,Tsuen Wan,Cantonese,5G_Family_2Line,subscription,388,24,N,Y,Y,716,active,4,,2864,22339.0
CUST100648,2025-12-11,organic,n/a,,,,55-64,female,Tuen Mun,English,5G_Family_2Line,subscription,388,24,N,Y,N,466,active,4,,1864,14539.0
CUST100649,2026-01-09,organic,n/a,,,,18-24,female,Southern,Cantonese,5G_Single_Standard,subscription,298,24,N,N,N,298,active,3,,894,9298.0
CUST100650,2025-12-21,organic,n/a,,,,35-44,male,Wong Tai Sin,Cantonese,5G_Family_4Line,subscription,588,24,N,N,N,588,active,4,,2352,18346.0
CUST100651,2025-11-23,organic,n/a,,,,25-34,male,Yuen Long,Cantonese,5G_Single_Standard,subscription,298,24,N,N,N,298,active,5,,1490,9298.0
CUST100652,2026-02-25,organic,n/a,,,,18-24,male,Kowloon City,Cantonese,5G_Single_Basic,subscription,198,12,N,N,N,198,active,2,,396,3802.0
CUST100653,2025-11-23,organic,n/a,,,,18-24,male,Kwun Tong,Cantonese,5G_Single_Premium,subscription,488,24,N,N,Y,738,active,5,,3690,23026.0
CUST100654,2025-11-05,organic,n/a,,,,35-44,male,Sham Shui Po,English,5G_Single_Premium,subscription,488,24,N,N,N,488,active,5,,2440,15226.0
CUST100655,2025-12-19,organic,n/a,,,,18-24,female,North,English,5G_Family_2Line,subscription,388,24,N,Y,N,466,active,4,,1864,14539.0
CUST100656,2026-02-28,organic,n/a,,,,18-24,female,Kwai Tsing,English,5G_Family_4Line,subscription,588,24,N,N,N,588,active,2,,1176,18346.0
CUST100657,2026-02-21,organic,n/a,,,,35-44,male,Kowloon City,English,5G_Family_2Line,subscription,388,24,N,Y,N,466,active,2,,932,14539.0
CUST100658,2025-12-27,organic,n/a,,,,45-54,female,Kowloon City,Cantonese,5G_Family_4Line,subscription,588,24,Y,N,N,786,active,4,,3144,24523.0
CUST100659,2025-12-27,organic,n/a,,,,25-34,female,Sai Kung,Cantonese,5G_Family_4Line,subscription,588,24,N,N,N,588,active,4,,2352,18346.0
CUST100660,2025-10-11,organic,n/a,,,,55-64,male,Yau Tsim Mong,Cantonese,5G_Family_2Line,subscription,388,24,N,N,N,388,active,6,,2328,12106.0
CUST100661,2025-10-26,organic,n/a,,,,25-34,female,Sha Tin,Cantonese,5G_Family_2Line,subscription,388,24,Y,N,N,586,active,6,,3516,18283.0
CUST100662,2025-10-15,organic,n/a,,,,35-44,female,Wan Chai,Cantonese,5G_Family_4Line,subscription,588,24,N,Y,N,666,active,6,,3996,20779.0
CUST100663,2026-02-02,organic,n/a,,,,35-44,female,Yuen Long,Cantonese,5G_Family_4Line,subscription,588,24,N,Y,N,666,active,2,,1332,20779.0
CUST100664,2025-12-25,organic,n/a,,,,55-64,female,Sha Tin,English,5G_Single_Premium,subscription,488,24,N,N,N,488,active,4,,1952,15226.0
CUST100665,2026-02-17,organic,n/a,,,,55-64,male,Southern,Cantonese,5G_Single_Premium,subscription,488,24,N,N,N,488,active,2,,976,15226.0
CUST100666,2025-11-18,organic,n/a,,,,45-54,female,Wan Chai,Cantonese,5G_Single_Standard,subscription,298,24,N,N,N,298,active,5,,1490,9298.0
CUST100667,2026-01-27,organic,n/a,,,,45-54,female,Eastern,Cantonese,5G_Single_Premium,subscription,488,24,N,Y,N,566,active,3,,1698,17659.0
CUST100668,2026-02-26,organic,n/a,,,,55-64,male,Wan Chai,Cantonese,5G_Single_Premium,subscription,488,24,N,Y,N,566,churned,1,2026-03-28,566,566
CUST100669,2026-01-21,organic,n/a,,,,35-44,female,Sai Kung,Cantonese,5G_Single_Basic,subscription,198,12,N,N,N,198,active,3,,594,3802.0
CUST100670,2025-11-23,organic,n/a,,,,25-34,female,Yau Tsim Mong,Cantonese,5G_Single_Standard,subscription,298,24,N,N,N,298,active,5,,1490,9298.0
CUST100671,2025-10-01,organic,n/a,,,,35-44,male,Wan Chai,Cantonese,5G_Single_Premium,subscription,488,24,N,N,N,488,active,6,,2928,15226.0
CUST100672,2026-02-03,organic,n/a,,,,45-54,female,Kwun Tong,Cantonese,5G_Family_4Line,subscription,588,24,N,N,N,588,active,2,,1176,18346.0
CUST100673,2026-01-26,organic,n/a,,,,25-34,female,Sai Kung,Cantonese,5G_Single_Basic,subscription,198,12,N,N,N,198,churned,2,2026-03-27,396,396
CUST100674,2025-11-29,organic,n/a,,,,25-34,female,Kowloon City,English,5G_Family_2Line,subscription,388,24,Y,N,N,586,active,5,,2930,18283.0
CUST100675,2025-11-22,organic,n/a,,,,35-44,female,Kowloon City,English,5G_Family_4Line,subscription,588,24,N,Y,N,666,active,5,,3330,20779.0
CUST100676,2025-10-31,organic,n/a,,,,35-44,female,Sai Kung,Cantonese,5G_Single_Standard,subscription,298,24,N,N,N,298,active,6,,1788,9298.0
CUST100677,2025-10-13,organic,n/a,,,,35-44,male,North,Cantonese,5G_Single_Standard,subscription,298,24,N,N,N,298,churned,2,2025-12-12,596,596
CUST100678,2026-02-21,organic,n/a,,,,35-44,female,Tai Po,Cantonese,5G_Single_Premium,subscription,488,24,N,N,N,488,active,2,,976,15226.0
CUST100679,2026-01-10,organic,n/a,,,,25-34,female,Wan Chai,Mandarin,5G_Single_Premium,subscription,488,24,Y,N,N,686,active,3,,2058,21403.0
